# Blender 4.3.0
# www.blender.org
mtllib  character_0.mtl
o Cube
v 0.719712 0.858985 -0.827419
v 0.610101 -0.370768 -0.809592
v 0.729290 0.869888 -0.217079
v 0.610101 -0.371242 -0.243156
v -0.520213 0.858985 -0.827419
v -0.410602 -0.370768 -0.809592
v -0.529791 0.869888 -0.217079
v -0.410602 -0.371242 -0.243156
v 1.339417 2.119699 -0.214357
v -1.139918 2.119699 -0.214357
v 1.314644 2.107875 -0.882233
v -1.115145 2.107874 -0.882233
v -1.109251 1.573947 -0.156954
v -1.028157 1.528782 -0.911587
v 1.227656 1.528782 -0.911587
v 1.308750 1.573948 -0.156954
v 3.054976 1.033652 -0.824129
v 3.115236 1.055090 -0.326278
v -2.915736 1.042862 -0.329347
v -2.855476 1.052459 -0.827567
v -2.802787 0.645591 -0.324709
v 2.821507 0.657175 -0.786707
v -2.622008 0.674382 -0.813655
v 3.002287 0.658879 -0.296918
v 3.891439 0.377966 -0.702236
v 3.969363 0.372410 -0.378865
v -3.769864 0.364780 -0.424332
v -3.691939 0.390456 -0.746729
v -3.641967 0.123977 -0.419873
v 3.690780 0.158874 -0.679597
v -3.491281 0.170380 -0.737774
v 3.841466 0.132352 -0.359425
v -0.569561 -1.085366 -0.837710
v -0.569561 -1.087023 -0.205019
v 0.769060 -1.085366 -0.837710
v 0.769060 -1.087023 -0.205019
v 0.100192 -1.698154 -0.189901
v 0.099750 -1.159593 -1.006990
v 0.099750 -1.163855 -0.082505
v -0.647058 -1.664649 -0.844848
v 0.100192 -1.709131 -0.932523
v 0.847367 -1.661877 -0.195330
v -0.647058 -1.662282 -0.195321
v 0.847367 -1.664245 -0.844857
v -0.645619 -4.601068 -0.765235
v -0.645619 -4.597517 -0.283350
v -0.202092 -4.597517 -0.786279
v -0.202092 -4.590415 -0.325440
v 0.410076 -4.584371 -0.325531
v 0.853603 -4.591473 -0.283442
v 0.853603 -4.595025 -0.765326
v 0.410076 -4.591473 -0.786371
v -0.093735 -3.321321 -0.257902
v -0.093735 -3.331975 -0.865340
v -0.685105 -3.335527 -0.844295
v -0.685105 -3.331975 -0.194768
v 0.298091 -3.329148 -0.865392
v 0.298091 -3.318494 -0.257954
v 0.889461 -3.332699 -0.844347
v 0.889461 -3.329148 -0.194820
v -0.440686 2.596281 -0.038980
v -0.440686 3.766956 -0.038980
v -0.440686 2.596281 -1.209656
v -0.440686 3.766956 -1.209656
v 0.729990 2.596281 -0.038980
v 0.729990 3.766956 -0.038980
v 0.729990 2.596281 -1.209656
v 0.729990 3.766956 -1.209656
v -0.554138 -0.366750 -0.680634
v -0.601984 -0.365460 -0.525497
v -0.554138 -0.366943 -0.370798
v 0.378848 -0.376583 -0.890073
v 0.099750 -0.379714 -0.917056
v -0.179349 -0.376583 -0.890073
v 0.675804 0.565767 -0.818478
v 0.641468 0.245709 -0.811909
v 0.618851 -0.075150 -0.808638
v -0.419501 -0.075179 -0.243228
v -0.443166 0.247012 -0.237300
v -0.480346 0.570359 -0.227780
v 0.679845 0.570359 -0.227780
v 0.642665 0.247012 -0.237300
v 0.619000 -0.075179 -0.243228
v -0.476305 0.565767 -0.818478
v -0.441968 0.245709 -0.811909
v -0.419351 -0.075150 -0.808638
v 0.444703 0.871421 -0.131250
v 0.099750 0.871932 -0.102640
v -0.245204 0.871421 -0.131250
v 0.896920 0.861455 -0.689139
v 0.958783 0.864436 -0.522249
v 0.903505 0.867417 -0.355359
v -0.179349 -0.377441 -0.164575
v 0.099750 -0.380780 -0.138615
v 0.378848 -0.377442 -0.164575
v -0.704006 0.867417 -0.355359
v -0.759284 0.864436 -0.522249
v -0.697421 0.861455 -0.689139
v -0.238619 0.857451 -0.913248
v 0.099750 0.856941 -0.941858
v 0.438118 0.857451 -0.913248
v 0.753638 -0.366943 -0.370798
v 0.801483 -0.365460 -0.525497
v 0.753638 -0.366750 -0.680634
v 0.738168 2.254896 -0.198840
v 0.099750 2.299961 -0.193668
v -0.538669 2.254896 -0.198840
v 1.332012 2.182014 -0.732682
v 1.340382 2.207960 -0.550178
v 1.342076 2.186818 -0.366732
v -1.142577 2.186818 -0.366732
v -1.140883 2.207959 -0.550178
v -1.132513 2.182014 -0.732682
v -0.525911 2.240523 -0.889322
v 0.099750 2.284739 -0.891685
v 0.725410 2.240523 -0.889322
v -1.121752 1.725907 -0.087994
v -1.128846 1.873604 -0.078369
v -1.134980 2.010416 -0.118504
v -0.786186 1.439819 -0.875929
v -0.656285 1.297239 -0.853630
v -0.575061 1.103884 -0.838420
v 1.236013 1.682143 -0.990148
v 1.258721 1.839421 -1.007336
v 1.287843 1.988037 -0.973431
v 1.037923 1.481583 -0.179868
v 0.888371 1.329178 -0.195201
v 0.793300 1.124572 -0.206783
v -0.593801 1.124572 -0.206783
v -0.688872 1.329178 -0.195201
v -0.838423 1.481583 -0.179868
v -1.088344 1.988037 -0.973431
v -1.059221 1.839420 -1.007336
v -1.036514 1.682143 -0.990148
v 0.774560 1.103884 -0.838420
v 0.855784 1.297239 -0.853630
v 0.985685 1.439819 -0.875929
v 1.334480 2.010416 -0.118504
v 1.328345 1.873605 -0.078369
v 1.321252 1.725908 -0.087994
v 0.698289 1.679433 -0.069888
v 0.099750 1.707569 -0.046531
v -0.498790 1.679433 -0.069888
v -0.453505 1.621525 -0.992053
v 0.099750 1.646301 -1.013674
v 0.653004 1.621526 -0.992053
v 1.458310 1.426324 -0.729526
v 1.539673 1.407998 -0.534188
v 1.509610 1.449998 -0.338864
v -1.310111 1.449997 -0.338864
v -1.340173 1.407998 -0.534188
v -1.258811 1.426324 -0.729526
v 3.097224 1.092146 -0.716313
v 3.117583 1.116811 -0.581464
v 3.121704 1.105257 -0.443484
v -2.922204 1.100228 -0.443203
v -2.918083 1.120349 -0.580196
v -2.897723 1.104127 -0.716319
v -2.849562 0.732224 -0.256676
v -2.881859 0.840628 -0.234481
v -2.902857 0.950831 -0.258560
v 2.853218 0.741538 -0.864346
v 2.915644 0.843244 -0.898009
v 2.989370 0.946036 -0.885377
v -2.789870 0.968825 -0.894151
v -2.716145 0.867020 -0.913158
v -2.653718 0.763414 -0.885891
v 3.102357 0.967645 -0.249899
v 3.081359 0.859154 -0.219006
v 3.049063 0.749579 -0.234410
v 2.833871 0.603925 -0.670760
v 2.879420 0.585588 -0.535552
v 2.941209 0.603469 -0.403474
v -2.741709 0.596923 -0.434508
v -2.679921 0.587298 -0.567443
v -2.634371 0.614018 -0.701248
v 1.839280 1.412666 -0.219757
v 2.269028 1.177703 -0.261980
v 2.655367 0.913899 -0.287349
v 2.753444 1.337469 -0.312689
v 2.342467 1.631968 -0.286749
v 1.873919 1.904123 -0.252058
v -1.528692 1.380580 -0.872842
v -1.933577 1.161033 -0.846936
v -2.296590 0.913480 -0.827868
v -2.500914 1.331000 -0.841447
v -2.098150 1.622218 -0.856494
v -1.638966 1.892411 -0.870744
v 1.728192 1.374988 -0.877087
v 2.133077 1.150889 -0.848583
v 2.496090 0.899541 -0.818785
v 2.700414 1.315820 -0.851869
v 2.297650 1.611331 -0.872529
v 1.838465 1.886605 -0.882990
v -1.639781 1.407895 -0.214674
v -2.069528 1.169413 -0.259470
v -2.455867 0.902895 -0.296203
v -1.674420 1.900078 -0.239430
v -2.142967 1.624570 -0.270110
v -2.553944 1.327417 -0.301661
v 3.957260 0.368824 -0.636400
v 4.004355 0.363204 -0.540605
v 4.001894 0.365790 -0.444786
v -3.802395 0.362277 -0.490537
v -3.804855 0.365661 -0.586330
v -3.757760 0.377233 -0.681590
v -3.713955 0.146933 -0.398401
v -3.773931 0.205106 -0.388463
v -3.788353 0.289609 -0.400929
v 3.757688 0.183125 -0.705456
v 3.831957 0.237031 -0.722810
v 3.878981 0.311854 -0.718922
v -3.679481 0.325511 -0.767499
v -3.632457 0.251075 -0.776037
v -3.558189 0.196193 -0.762073
v 3.987853 0.298842 -0.350829
v 3.973430 0.215279 -0.333126
v 3.913454 0.156600 -0.339424
v 3.743647 0.116176 -0.611499
v 3.801032 0.089105 -0.515331
v 3.835175 0.099630 -0.421946
v -3.635675 0.095211 -0.484311
v -3.601532 0.090520 -0.578170
v -3.544146 0.123526 -0.672465
v 3.109396 0.457949 -0.762334
v 3.357013 0.306820 -0.737596
v 3.558838 0.207062 -0.707998
v 3.739382 0.176900 -0.335245
v 3.557544 0.278837 -0.315259
v 3.307321 0.441571 -0.304688
v -2.909897 0.474025 -0.801732
v -3.157513 0.321649 -0.786449
v -3.359338 0.220242 -0.763119
v -3.596200 0.479388 -0.774090
v -3.417720 0.623546 -0.799192
v -3.165660 0.814714 -0.815321
v -3.232338 0.799501 -0.350559
v -3.490188 0.603333 -0.371213
v -3.673295 0.455239 -0.397509
v -3.539882 0.166933 -0.392967
v -3.358044 0.267429 -0.366673
v -3.107820 0.429189 -0.345993
v 3.431839 0.810881 -0.332299
v 3.689688 0.613807 -0.340701
v 3.872795 0.464364 -0.357726
v 3.795701 0.465022 -0.735080
v 3.617219 0.607338 -0.769107
v 3.365160 0.797131 -0.797107
v -0.730219 -1.664612 -0.693251
v -0.757939 -1.664353 -0.512193
v -0.730219 -1.663651 -0.335081
v -0.027397 -1.136139 -1.002414
v -0.207469 -1.109247 -0.982023
v -0.401703 -1.093048 -0.932205
v 0.226896 -1.140757 -0.081624
v 0.406968 -1.113525 -0.090502
v 0.601203 -1.096120 -0.124989
v 0.334434 -1.652434 -0.123863
v 0.535611 -1.655406 -0.098972
v 0.711376 -1.659515 -0.118513
v 0.618330 -0.619654 -0.815099
v 0.650497 -0.818502 -0.823088
v 0.708367 -0.970343 -0.831125
v -0.508867 -0.970343 -0.831125
v -0.450998 -0.818502 -0.823088
v -0.418831 -0.619654 -0.815099
v -0.418831 -0.620549 -0.235839
v -0.450998 -0.819863 -0.224692
v -0.508867 -0.972052 -0.213769
v 0.708367 -0.972052 -0.213769
v 0.650497 -0.819863 -0.224692
v 0.618330 -0.620549 -0.235839
v -0.674643 -1.081366 -0.690782
v -0.709670 -1.080206 -0.515226
v -0.674643 -1.082040 -0.342740
v 0.601203 -1.093048 -0.932205
v 0.406968 -1.109247 -0.982023
v 0.226896 -1.136139 -1.002415
v -0.401703 -1.096120 -0.124989
v -0.207469 -1.113525 -0.090502
v -0.027397 -1.140757 -0.081624
v 0.874142 -1.082040 -0.342740
v 0.909170 -1.080206 -0.515226
v 0.874142 -1.081367 -0.690782
v -0.134141 -1.662174 -0.980578
v -0.335309 -1.662822 -0.983053
v -0.511067 -1.664421 -0.940707
v 0.099756 -1.209230 -0.086906
v 0.099797 -1.288894 -0.096671
v 0.099912 -1.425812 -0.117964
v -0.511067 -1.659915 -0.118505
v -0.335309 -1.655777 -0.098964
v -0.134141 -1.652716 -0.123857
v 0.711376 -1.664021 -0.940715
v 0.535611 -1.662451 -0.983061
v 0.334434 -1.661891 -0.980584
v 0.930528 -1.663246 -0.335090
v 0.958249 -1.663949 -0.512202
v 0.930528 -1.664208 -0.693259
v 0.100425 -1.916101 -0.755206
v 0.100485 -1.965391 -0.570178
v 0.100425 -1.909304 -0.381338
v 0.841416 -1.432374 -0.195539
v 0.831275 -1.283705 -0.196617
v 0.809603 -1.180409 -0.199475
v 0.841416 -1.433680 -0.844803
v 0.831275 -1.283794 -0.844040
v 0.809603 -1.179414 -0.841899
v 0.099912 -1.432069 -0.991933
v 0.099797 -1.290048 -1.006276
v 0.099756 -1.206737 -1.009056
v -0.641575 -1.433851 -0.844799
v -0.631674 -1.283845 -0.844039
v -0.610091 -1.179420 -0.841899
v -0.610091 -1.180416 -0.199474
v -0.631674 -1.283756 -0.196616
v -0.641575 -1.432544 -0.195535
v -0.679645 -4.658399 -0.665186
v -0.696736 -4.686574 -0.520797
v -0.679645 -4.656382 -0.378746
v -0.293961 -4.656382 -0.816084
v -0.426376 -4.686574 -0.827366
v -0.557106 -4.658399 -0.804137
v -0.557106 -4.653439 -0.257238
v -0.426376 -4.680079 -0.252712
v -0.293961 -4.649134 -0.282748
v -0.171422 -4.653439 -0.694576
v -0.156016 -4.680079 -0.559281
v -0.171422 -4.649133 -0.421699
v -0.106597 -3.756736 -0.259186
v -0.127884 -4.132583 -0.269171
v -0.163302 -4.420815 -0.294120
v -0.080774 -2.868652 -0.866353
v -0.058678 -2.416753 -0.872444
v -0.015331 -2.017824 -0.889366
v -0.694801 -3.770866 -0.842440
v -0.693928 -4.146181 -0.830453
v -0.674690 -4.433100 -0.801205
v -0.673789 -2.867871 -0.194933
v -0.663206 -2.410508 -0.195087
v -0.654060 -1.996455 -0.195219
v 0.502121 -4.642914 -0.282841
v 0.634625 -4.673770 -0.252807
v 0.765266 -4.647219 -0.257331
v 0.765266 -4.652179 -0.804230
v 0.634625 -4.680265 -0.827461
v 0.502121 -4.650163 -0.816177
v 0.887805 -4.650163 -0.378839
v 0.904985 -4.680265 -0.520891
v 0.887805 -4.652179 -0.665279
v 0.379582 -4.647219 -0.694669
v 0.364265 -4.673771 -0.559376
v 0.379582 -4.642914 -0.421792
v 0.312144 -3.763528 -0.863568
v 0.334506 -4.137867 -0.851720
v 0.370776 -4.423954 -0.822655
v 0.283931 -2.855996 -0.257281
v 0.260717 -2.404737 -0.251654
v 0.216420 -2.006257 -0.235226
v 0.900348 -3.767083 -0.842505
v 0.900551 -4.141444 -0.830529
v 0.882164 -4.427559 -0.801291
v 0.900348 -3.763528 -0.196586
v 0.900551 -4.137867 -0.209865
v 0.882164 -4.423954 -0.242777
v -0.015331 -2.006896 -0.235212
v -0.058678 -2.406008 -0.251628
v -0.080774 -2.857986 -0.257243
v -0.163302 -4.429494 -0.822569
v -0.127884 -4.142604 -0.851644
v -0.106596 -3.767311 -0.863503
v -0.654060 -1.999507 -0.844746
v -0.663206 -2.413911 -0.844614
v -0.673789 -2.871404 -0.844460
v -0.674690 -4.429494 -0.242691
v -0.693928 -4.142604 -0.209789
v -0.694801 -3.767311 -0.196521
v -0.227718 -3.334028 -0.947473
v -0.389420 -3.335083 -0.972658
v -0.551123 -3.335471 -0.938923
v -0.551123 -3.328813 -0.119212
v -0.389420 -3.325316 -0.108495
v -0.227718 -3.322486 -0.156698
v -0.768267 -3.335471 -0.692698
v -0.795987 -3.335083 -0.511640
v -0.768267 -3.334029 -0.334528
v -0.010574 -3.322486 -0.402923
v 0.017146 -3.325316 -0.569513
v -0.010574 -3.328812 -0.732156
v 0.216420 -2.017186 -0.889380
v 0.260717 -2.415481 -0.872470
v 0.283931 -2.866661 -0.866391
v 0.370776 -4.415275 -0.294206
v 0.334506 -4.127846 -0.269248
v 0.312144 -3.752953 -0.259251
v 0.855116 -1.998723 -0.844763
v 0.865236 -2.412597 -0.844641
v 0.876945 -2.869408 -0.844499
v 0.855116 -1.995672 -0.195236
v 0.865236 -2.409194 -0.195114
v 0.876945 -2.865875 -0.194972
v 0.432073 -3.319660 -0.156750
v 0.593776 -3.322489 -0.108547
v 0.755479 -3.325985 -0.119264
v 0.972622 -3.331202 -0.334580
v 1.000343 -3.332255 -0.511692
v 0.972622 -3.332644 -0.692750
v 0.755479 -3.332644 -0.938975
v 0.593776 -3.332255 -0.972710
v 0.432073 -3.331201 -0.947525
v 0.214930 -3.325985 -0.732208
v 0.187209 -3.322489 -0.569565
v 0.214930 -3.319659 -0.402975
v -0.526067 2.510900 -0.971599
v -0.568955 2.468012 -0.624318
v -0.526067 2.510900 -0.277037
v -0.526067 2.834337 0.046401
v -0.568955 3.181619 0.089289
v -0.526067 3.528899 0.046401
v -0.526067 3.852337 -0.277037
v -0.568955 3.895225 -0.624318
v -0.526067 3.852337 -0.971599
v -0.526067 3.528899 -1.295036
v -0.568955 3.181619 -1.337924
v -0.526067 2.834337 -1.295036
v 0.491933 2.510900 -1.295036
v 0.144652 2.468012 -1.337924
v -0.202629 2.510900 -1.295036
v -0.202629 3.852337 -1.295036
v 0.144652 3.895225 -1.337924
v 0.491933 3.852337 -1.295036
v 0.815370 3.528899 -1.295036
v 0.858258 3.181619 -1.337924
v 0.815370 2.834337 -1.295036
v 0.815370 2.510900 -0.277037
v 0.858258 2.468012 -0.624318
v 0.815370 2.510900 -0.971599
v 0.815370 3.852337 -0.971599
v 0.858258 3.895225 -0.624318
v 0.815370 3.852337 -0.277037
v 0.815370 3.528899 0.046401
v 0.858258 3.181619 0.089289
v 0.815370 2.834337 0.046401
v -0.202629 2.510900 0.046401
v 0.144652 2.468012 0.089289
v 0.491933 2.510900 0.046401
v 0.491933 3.852337 0.046401
v 0.144652 3.895225 0.089289
v -0.202629 3.852337 0.046401
v -1.600488 1.779811 -0.956320
v -1.557964 1.642084 -0.984787
v -1.525255 1.500985 -0.958840
v -2.049398 1.518641 -0.935482
v -1.994863 1.393049 -0.959524
v -1.950034 1.266497 -0.930289
v -2.443184 1.237337 -0.913824
v -2.378341 1.123873 -0.934826
v -2.323604 1.009560 -0.905822
v 0.383725 -0.077771 -0.164170
v 0.396741 0.246429 -0.156630
v 0.417273 0.570909 -0.144730
v 0.099750 -0.079171 -0.137916
v 0.099750 0.246076 -0.129769
v 0.099750 0.571073 -0.117051
v -0.184226 -0.077771 -0.164170
v -0.197241 0.246429 -0.156630
v -0.217774 0.570909 -0.144730
v -0.565496 -0.073404 -0.371037
v -0.595505 0.247241 -0.367398
v -0.642298 0.569384 -0.361600
v -0.614117 -0.072825 -0.525563
v -0.645936 0.247054 -0.524495
v -0.695103 0.568150 -0.523116
v -0.565393 -0.073416 -0.680274
v -0.594682 0.246520 -0.681646
v -0.639520 0.566872 -0.684639
v 0.099750 -0.877106 -0.952518
v -0.185834 -0.631056 -0.898454
v 0.099750 -0.639321 -0.927464
v 0.385334 -0.631057 -0.898454
v 0.422012 -0.835619 -0.911354
v 0.510365 -0.984362 -0.923264
v 0.285455 -1.015795 -0.972491
v 0.099750 -1.073509 -0.994374
v -0.085956 -1.015795 -0.972491
v -0.310865 -0.984362 -0.923263
v -0.222513 -0.835619 -0.911354
v 0.764892 -0.073416 -0.680274
v 0.794181 0.246520 -0.681646
v 0.839019 0.566872 -0.684638
v 0.813617 -0.072825 -0.525563
v 0.845435 0.247054 -0.524495
v 0.894603 0.568150 -0.523116
v 0.764995 -0.073404 -0.371037
v 0.795004 0.247241 -0.367398
v 0.841797 0.569384 -0.361600
v -0.184123 -0.077627 -0.888497
v -0.196418 0.244790 -0.892817
v -0.214996 0.565029 -0.901558
v 0.099750 -0.078956 -0.915183
v 0.099750 0.244335 -0.919805
v 0.099750 0.564765 -0.929254
v 0.383623 -0.077627 -0.888497
v 0.395918 0.244790 -0.892817
v 0.414495 0.565029 -0.901558
v 0.734355 2.317313 -0.734667
v 0.099750 2.362412 -0.735329
v -0.534855 2.317313 -0.734667
v 0.738665 2.344407 -0.545983
v 0.099750 2.389889 -0.544584
v -0.539166 2.344407 -0.545983
v 0.739538 2.323152 -0.356347
v 0.099750 2.368597 -0.352886
v -0.540038 2.323152 -0.356347
v 1.866598 1.799840 -0.160392
v 1.856039 1.670329 -0.124053
v 1.843163 1.534824 -0.141304
v 2.332977 1.533221 -0.200322
v 2.317985 1.411059 -0.167029
v 2.296267 1.285726 -0.186683
v 2.742121 1.244423 -0.231622
v 2.723721 1.129281 -0.200009
v 2.695586 1.012335 -0.218309
v 0.682932 1.788791 -1.019822
v 0.099750 1.822650 -1.031962
v -0.483433 1.788791 -1.019822
v 0.696844 1.959369 -1.023631
v 0.099750 1.998794 -1.029911
v -0.497345 1.959368 -1.023631
v 0.711637 2.116053 -0.984293
v 0.099750 2.158655 -0.988020
v -0.512138 2.116053 -0.984293
v -0.528244 1.842034 -0.050074
v 0.099750 1.878884 -0.035510
v 0.727743 1.842034 -0.050074
v -0.533459 2.000867 -0.053619
v 0.099750 2.042681 -0.044618
v 0.732959 2.000867 -0.053619
v -0.536188 2.143248 -0.099178
v 0.099750 2.187450 -0.092642
v 0.735687 2.143248 -0.099178
v -0.281089 1.128605 -0.118215
v 0.099750 1.130041 -0.088774
v 0.480588 1.128605 -0.118215
v -0.335703 1.342659 -0.104655
v 0.099750 1.347893 -0.075128
v 0.535203 1.342659 -0.104655
v -0.416547 1.520509 -0.089014
v 0.099750 1.534963 -0.060974
v 0.616046 1.520509 -0.089014
v 0.467705 1.102138 -0.926941
v 0.099750 1.101661 -0.956355
v -0.268205 1.102138 -0.926941
v 0.512799 1.302052 -0.943798
v 0.099750 1.304496 -0.973108
v -0.313300 1.302052 -0.943798
v 0.581081 1.467903 -0.965261
v 0.099750 1.479050 -0.992538
v -0.381581 1.467903 -0.965261
v 0.981908 1.118601 -0.349828
v 1.039032 1.112313 -0.522618
v 0.969024 1.107277 -0.695402
v 1.093378 1.311668 -0.343891
v 1.149976 1.297885 -0.524548
v 1.070974 1.294118 -0.705153
v 1.259474 1.433998 -0.337342
v 1.310088 1.406155 -0.528288
v 1.223858 1.411100 -0.719110
v -0.769525 1.107277 -0.695402
v -0.839533 1.112312 -0.522618
v -0.782409 1.118600 -0.349828
v -0.871475 1.294117 -0.705153
v -0.950476 1.297885 -0.524548
v -0.893879 1.311668 -0.343891
v -1.024359 1.411099 -0.719110
v -1.110589 1.406155 -0.528288
v -1.059975 1.433998 -0.337342
v -3.094027 0.740524 -0.877277
v -3.013605 0.649607 -0.894815
v -2.944946 0.556274 -0.869211
v -3.346502 0.557715 -0.856158
v -3.267085 0.476434 -0.872229
v -3.195337 0.394858 -0.848614
v -3.538603 0.419851 -0.822204
v -3.472439 0.345647 -0.835846
v -3.401122 0.278437 -0.815715
v 3.240650 0.394236 -0.404227
v 3.173324 0.382975 -0.527641
v 3.123194 0.405301 -0.654001
v 3.491396 0.237916 -0.407057
v 3.425426 0.230339 -0.520910
v 3.372823 0.255562 -0.637616
v 3.686596 0.140358 -0.415162
v 3.633232 0.132220 -0.516507
v 3.580132 0.158847 -0.620710
v 1.858045 1.323611 -0.365458
v 1.848074 1.284545 -0.545250
v 1.791544 1.301680 -0.726427
v 2.237298 1.104817 -0.391034
v 2.198977 1.074267 -0.550733
v 2.156436 1.089609 -0.712661
v 2.603329 0.850972 -0.403858
v 2.549908 0.827415 -0.547579
v 2.508740 0.843621 -0.694040
v 1.863322 1.958597 -0.742843
v 1.875300 1.985350 -0.570781
v 1.877725 1.967110 -0.397091
v 2.329070 1.679630 -0.743500
v 2.344212 1.706276 -0.584095
v 2.347277 1.690607 -0.422461
v 2.737593 1.379413 -0.734123
v 2.755509 1.405252 -0.587733
v 2.759136 1.391787 -0.438617
v 1.724754 1.493990 -0.964926
v 1.757463 1.634616 -0.993066
v 1.799987 1.772721 -0.966765
v 2.149533 1.253649 -0.935148
v 2.194363 1.379166 -0.968305
v 2.248899 1.505387 -0.948207
v 2.523104 0.991836 -0.901119
v 2.577842 1.104626 -0.935427
v 2.642685 1.218909 -0.919761
v -1.592045 1.304911 -0.723277
v -1.648574 1.284924 -0.542313
v -1.658545 1.321150 -0.361845
v -1.956937 1.095522 -0.712930
v -1.999477 1.075106 -0.551486
v -2.037798 1.100622 -0.390828
v -2.309240 0.851776 -0.705848
v -2.350408 0.828720 -0.560273
v -2.403829 0.845507 -0.415570
v -1.643664 1.528866 -0.134294
v -1.656540 1.664165 -0.114940
v -1.667099 1.794311 -0.149308
v -2.096767 1.275092 -0.180778
v -2.118485 1.399846 -0.157209
v -2.133477 1.523090 -0.186713
v -2.496086 0.998032 -0.222573
v -2.524220 1.114059 -0.198792
v -2.542621 1.230623 -0.224992
v -1.678225 1.965340 -0.383504
v -1.675800 1.986294 -0.556939
v -1.663822 1.962225 -0.729448
v -2.147777 1.687437 -0.403983
v -2.144712 1.708148 -0.565117
v -2.129570 1.686482 -0.725343
v -2.559635 1.387578 -0.424955
v -2.556009 1.408006 -0.573329
v -2.538092 1.389034 -0.720816
v -3.666343 0.134120 -0.679954
v -3.732358 0.100589 -0.580139
v -3.752353 0.106262 -0.480476
v -3.749518 0.187282 -0.687508
v -3.817423 0.156092 -0.582403
v -3.828022 0.161022 -0.477221
v -3.784702 0.271709 -0.684925
v -3.845182 0.247714 -0.584590
v -3.846683 0.250696 -0.483962
v 3.951853 0.110899 -0.418808
v 3.931857 0.099032 -0.517924
v 3.865843 0.126284 -0.619633
v 4.027522 0.165754 -0.418967
v 4.016922 0.154286 -0.523639
v 3.949017 0.178872 -0.630482
v 4.046183 0.254835 -0.431278
v 4.044682 0.245595 -0.531525
v 3.984202 0.263296 -0.633159
v -3.159617 0.507585 -0.282628
v -3.195594 0.608262 -0.261990
v -3.218467 0.712201 -0.284491
v -3.414619 0.335191 -0.308433
v -3.455380 0.424779 -0.289550
v -3.477740 0.521428 -0.310338
v -3.601326 0.218400 -0.343873
v -3.649516 0.291556 -0.328047
v -3.667770 0.379837 -0.345947
v 3.411994 0.848751 -0.696423
v 3.434876 0.869947 -0.570523
v 3.439218 0.858399 -0.441726
v 3.668725 0.650266 -0.676157
v 3.696040 0.666310 -0.560014
v 3.699254 0.656305 -0.441426
v 3.852332 0.493571 -0.653683
v 3.887723 0.500799 -0.550092
v 3.887760 0.495340 -0.444974
v -2.923695 0.414735 -0.696886
v -2.973824 0.384586 -0.572161
v -3.041150 0.388142 -0.448286
v -3.173324 0.264267 -0.689855
v -3.225926 0.231827 -0.574946
v -3.291896 0.232302 -0.460842
v -3.380632 0.166687 -0.679002
v -3.433732 0.133624 -0.576659
v -3.487097 0.135437 -0.475004
v 3.417967 0.727863 -0.260924
v 3.395095 0.625526 -0.231996
v 3.359118 0.523760 -0.246327
v 3.677240 0.535851 -0.274845
v 3.654881 0.440683 -0.248080
v 3.614119 0.350093 -0.261349
v 3.867270 0.392318 -0.301570
v 3.849015 0.305323 -0.278209
v 3.800825 0.231323 -0.289450
v 3.144446 0.535837 -0.834803
v 3.213105 0.627395 -0.866167
v 3.293527 0.719227 -0.854324
v 3.394838 0.376016 -0.804197
v 3.466585 0.455965 -0.832845
v 3.546002 0.538088 -0.821865
v 3.600623 0.261869 -0.764115
v 3.671939 0.327696 -0.788391
v 3.738103 0.402606 -0.779395
v -3.239718 0.853740 -0.456816
v -3.235375 0.873283 -0.584644
v -3.212494 0.859967 -0.711620
v -3.499754 0.652019 -0.469097
v -3.496539 0.669387 -0.586833
v -3.469224 0.660604 -0.703749
v -3.688260 0.491587 -0.482660
v -3.688223 0.503580 -0.587234
v -3.652832 0.502814 -0.691073
v 0.229422 -3.754641 -0.403524
v 0.201852 -3.757981 -0.569261
v 0.229422 -3.760918 -0.731072
v 0.254862 -4.133193 -0.408285
v 0.228348 -4.140100 -0.568056
v 0.254862 -4.139126 -0.724037
v 0.301651 -4.432132 -0.418591
v 0.278531 -4.448345 -0.565053
v 0.301651 -4.437264 -0.708170
v 0.099750 -0.880694 -0.108106
v 0.385333 -0.632692 -0.156257
v 0.099750 -0.641387 -0.129433
v -0.185834 -0.632692 -0.156257
v -0.222513 -0.838154 -0.143242
v -0.310865 -0.987546 -0.132444
v -0.085956 -1.020346 -0.094776
v 0.099750 -1.078675 -0.082394
v 0.285455 -1.020346 -0.094776
v 0.510365 -0.987546 -0.132444
v 0.422012 -0.838154 -0.143242
v -0.562732 -0.612735 -0.365710
v -0.610699 -0.610038 -0.523756
v -0.562732 -0.612372 -0.682659
v -0.590303 -0.810018 -0.357788
v -0.636738 -0.806595 -0.520931
v -0.590303 -0.809465 -0.685554
v -0.632613 -0.963768 -0.349575
v -0.673861 -0.960828 -0.517858
v -0.632613 -0.963073 -0.688436
v 0.762232 -0.612372 -0.682659
v 0.810199 -0.610038 -0.523756
v 0.762232 -0.612735 -0.365710
v 0.789802 -0.809465 -0.685554
v 0.836237 -0.806595 -0.520931
v 0.789802 -0.810019 -0.357788
v 0.832112 -0.963073 -0.688435
v 0.873361 -0.960828 -0.517858
v 0.832112 -0.963768 -0.349575
v 0.902013 -1.177731 -0.692271
v 0.932816 -1.177274 -0.513535
v 0.902013 -1.178136 -0.338375
v 0.917176 -1.283289 -0.693026
v 0.945810 -1.283112 -0.512656
v 0.917176 -1.283253 -0.336123
v 0.924920 -1.433596 -0.693278
v 0.952754 -1.433433 -0.512306
v 0.924919 -1.433066 -0.335267
v 0.287699 -1.200279 -1.006110
v 0.477942 -1.189465 -0.987362
v 0.660335 -1.182652 -0.937768
v 0.311104 -1.288745 -1.005044
v 0.512106 -1.286362 -0.989051
v 0.691160 -1.284702 -0.940483
v 0.320901 -1.431462 -0.996650
v 0.526549 -1.432809 -0.987166
v 0.704636 -1.433644 -0.941147
v -0.023873 -3.764702 -0.731007
v 0.003698 -3.761767 -0.569196
v -0.023873 -3.758426 -0.403459
v -0.048226 -4.143876 -0.723960
v -0.021699 -4.144863 -0.567979
v -0.048226 -4.137943 -0.408208
v -0.094128 -4.442854 -0.708084
v -0.070966 -4.453977 -0.564966
v -0.094128 -4.437722 -0.418505
v 0.660335 -1.184488 -0.120509
v 0.477942 -1.191966 -0.089104
v 0.287699 -1.202886 -0.084312
v 0.691160 -1.284509 -0.118425
v 0.512106 -1.285907 -0.090197
v 0.311104 -1.287845 -0.090934
v 0.704636 -1.431147 -0.118049
v 0.526549 -1.428824 -0.093920
v 0.320901 -1.425977 -0.104054
v -0.460823 -1.182658 -0.937767
v -0.278430 -1.189470 -0.987361
v -0.088188 -1.200281 -1.006110
v -0.491560 -1.284752 -0.940482
v -0.312508 -1.286404 -0.989050
v -0.111508 -1.288769 -1.005043
v -0.504796 -1.433812 -0.941144
v -0.326713 -1.432956 -0.987163
v -0.121074 -1.431553 -0.996648
v -0.088188 -1.202890 -0.084312
v -0.278430 -1.191972 -0.089104
v -0.460823 -1.184494 -0.120508
v -0.111508 -1.287869 -0.090934
v -0.312508 -1.285949 -0.090196
v -0.491560 -1.284559 -0.118424
v -0.121074 -1.426067 -0.104052
v -0.326713 -1.428971 -0.093917
v -0.504796 -1.431314 -0.118046
v -0.702501 -1.178142 -0.338374
v -0.733304 -1.177280 -0.513535
v -0.702501 -1.177737 -0.692271
v -0.717576 -1.283304 -0.336121
v -0.746210 -1.283163 -0.512655
v -0.717576 -1.283340 -0.693025
v -0.725078 -1.433237 -0.335263
v -0.752913 -1.433604 -0.512303
v -0.725078 -1.433767 -0.693274
v -0.569348 -4.780895 -0.680781
v -0.430339 -4.821404 -0.697011
v -0.288899 -4.778113 -0.697266
v -0.578096 -4.821404 -0.529465
v -0.431666 -4.865267 -0.539962
v -0.282582 -4.817855 -0.550498
v -0.569348 -4.778114 -0.379257
v -0.430339 -4.817855 -0.382952
v -0.288899 -4.774158 -0.402693
v -0.777555 -3.769892 -0.335517
v -0.805158 -3.771482 -0.511628
v -0.777555 -3.771342 -0.691666
v -0.773835 -4.148874 -0.343436
v -0.800610 -4.154219 -0.512542
v -0.773835 -4.150375 -0.685445
v -0.744793 -4.447279 -0.361873
v -0.768768 -4.462358 -0.515302
v -0.744793 -4.448927 -0.672097
v -0.239883 -3.758425 -0.158519
v -0.400730 -3.761767 -0.110604
v -0.561545 -3.764702 -0.121325
v -0.256300 -4.137943 -0.172266
v -0.411155 -4.144863 -0.126364
v -0.565760 -4.143876 -0.137113
v -0.278365 -4.437722 -0.209594
v -0.419867 -4.453978 -0.169337
v -0.560557 -4.442853 -0.179187
v -0.561545 -3.771342 -0.936606
v -0.400730 -3.771482 -0.970221
v -0.239883 -3.769891 -0.945199
v -0.565760 -4.150375 -0.921387
v -0.411155 -4.154218 -0.954157
v -0.256300 -4.148874 -0.930283
v -0.560557 -4.448927 -0.881008
v -0.419867 -4.462358 -0.910931
v -0.278365 -4.447279 -0.890770
v 0.497437 -4.771517 -0.697364
v 0.639004 -4.814681 -0.697110
v 0.777885 -4.774299 -0.680879
v 0.491247 -4.811131 -0.550597
v 0.640471 -4.858404 -0.540063
v 0.786761 -4.814680 -0.529564
v 0.497437 -4.767562 -0.402790
v 0.639004 -4.811131 -0.383051
v 0.777885 -4.771517 -0.379355
v 0.445432 -3.766107 -0.945264
v 0.606280 -3.767696 -0.970285
v 0.767094 -3.767557 -0.936671
v 0.462936 -4.144124 -0.930360
v 0.617804 -4.149456 -0.954234
v 0.772396 -4.145626 -0.921464
v 0.485887 -4.441689 -0.890856
v 0.627432 -4.456727 -0.911018
v 0.768079 -4.443337 -0.881094
v 0.983104 -3.767557 -0.691731
v 1.010708 -3.767695 -0.511693
v 0.983104 -3.766107 -0.335582
v 0.980471 -4.145625 -0.685522
v 1.007259 -4.149456 -0.512619
v 0.980471 -4.144125 -0.343513
v 0.952315 -4.443337 -0.672183
v 0.976333 -4.456727 -0.515389
v 0.952315 -4.441690 -0.361960
v 0.767094 -3.760918 -0.121390
v 0.606280 -3.757981 -0.110668
v 0.445432 -3.754641 -0.158584
v 0.772396 -4.139126 -0.137189
v 0.617804 -4.140100 -0.126441
v 0.462936 -4.133193 -0.172343
v 0.768079 -4.437263 -0.179274
v 0.627432 -4.448345 -0.169423
v 0.485887 -4.432133 -0.209680
v -0.518863 -1.999322 -0.940032
v -0.348659 -1.998025 -0.978370
v -0.166747 -1.997728 -0.963730
v -0.528818 -2.413810 -0.939454
v -0.364275 -2.413103 -0.974674
v -0.196464 -2.412347 -0.952670
v -0.539756 -2.871343 -0.939114
v -0.377698 -2.870914 -0.973035
v -0.215232 -2.869897 -0.948247
v -0.166747 -1.986651 -0.141610
v -0.348659 -1.989248 -0.103772
v -0.518863 -1.993551 -0.119016
v -0.196464 -2.400902 -0.152279
v -0.364275 -2.403610 -0.107165
v -0.528818 -2.407413 -0.119324
v -0.215232 -2.858367 -0.156270
v -0.377698 -2.861182 -0.108453
v -0.539756 -2.864716 -0.119351
v -0.737221 -1.998220 -0.334979
v -0.764942 -1.999126 -0.512091
v -0.737221 -1.999460 -0.693149
v -0.746367 -2.412476 -0.334847
v -0.774087 -2.413486 -0.511958
v -0.746367 -2.413858 -0.693016
v -0.756950 -2.869914 -0.334693
v -0.784671 -2.870963 -0.511805
v -0.756950 -2.871349 -0.692862
v 0.054300 -2.074043 -0.746989
v 0.070934 -2.100920 -0.570075
v 0.054300 -2.067405 -0.389351
v 0.021566 -2.428670 -0.737142
v 0.046238 -2.434334 -0.569872
v 0.021566 -2.422240 -0.398710
v 0.002022 -2.867373 -0.732904
v 0.029362 -2.865023 -0.569682
v 0.002022 -2.861035 -0.402521
v 0.719919 -1.992771 -0.119033
v 0.549709 -1.988488 -0.103788
v 0.367793 -1.985945 -0.141624
v 0.730848 -2.406099 -0.119351
v 0.566304 -2.402304 -0.107192
v 0.398492 -2.399612 -0.152305
v 0.742912 -2.862721 -0.119390
v 0.580854 -2.859188 -0.108492
v 0.418388 -2.856375 -0.156309
v 0.938278 -1.998676 -0.693166
v 0.965998 -1.998342 -0.512108
v 0.938278 -1.997436 -0.334996
v 0.948398 -2.412544 -0.693043
v 0.976118 -2.412172 -0.511985
v 0.948398 -2.411161 -0.334874
v 0.960106 -2.869353 -0.692901
v 0.987827 -2.868967 -0.511844
v 0.960106 -2.867918 -0.334732
v 0.367793 -1.997022 -0.963745
v 0.549709 -1.997265 -0.978386
v 0.719919 -1.998541 -0.940048
v 0.398492 -2.411058 -0.952696
v 0.566304 -2.411797 -0.974700
v 0.730848 -2.412497 -0.939481
v 0.418388 -2.867905 -0.948286
v 0.580854 -2.868920 -0.973074
v 0.742912 -2.869347 -0.939153
v 0.146921 -2.066790 -0.389364
v 0.130356 -2.100307 -0.570088
v 0.146921 -2.073428 -0.747002
v 0.180507 -2.420975 -0.398736
v 0.155856 -2.433071 -0.569898
v 0.180507 -2.427405 -0.737168
v 0.201139 -2.859045 -0.402560
v 0.173802 -2.863033 -0.569721
v 0.201139 -2.865385 -0.732943
v -0.708759 2.811501 -0.254200
v -0.770616 3.181619 -0.234318
v -0.708759 3.551736 -0.254200
v -0.770616 2.791619 -0.624318
v -0.838138 3.181619 -0.624318
v -0.770616 3.571618 -0.624318
v -0.708759 2.811501 -0.994435
v -0.770616 3.181619 -1.014317
v -0.708759 3.551736 -0.994435
v -0.225466 2.811501 -1.477728
v -0.245348 3.181619 -1.539586
v -0.225466 3.551736 -1.477728
v 0.144652 2.791619 -1.539586
v 0.144652 3.181619 -1.607107
v 0.144652 3.571618 -1.539586
v 0.514769 2.811501 -1.477728
v 0.534651 3.181619 -1.539586
v 0.514769 3.551736 -1.477728
v 0.998063 2.811501 -0.994435
v 1.059920 3.181619 -1.014317
v 0.998063 3.551736 -0.994435
v 1.059920 2.791619 -0.624318
v 1.127441 3.181619 -0.624318
v 1.059920 3.571618 -0.624318
v 0.998063 2.811501 -0.254200
v 1.059920 3.181619 -0.234318
v 0.998063 3.551736 -0.254200
v 0.514769 2.811501 0.229093
v 0.534651 3.181619 0.290950
v 0.514769 3.551736 0.229093
v 0.144652 2.791619 0.290950
v 0.144652 3.181619 0.358472
v 0.144652 3.571618 0.290950
v -0.225466 2.811501 0.229093
v -0.245348 3.181619 0.290950
v -0.225466 3.551736 0.229093
v -0.225466 2.328207 -0.994435
v 0.144652 2.266350 -1.014317
v 0.514769 2.328208 -0.994435
v -0.245348 2.266350 -0.624318
v 0.144652 2.198829 -0.624318
v 0.534651 2.266350 -0.624318
v -0.225466 2.328207 -0.254200
v 0.144652 2.266350 -0.234318
v 0.514769 2.328207 -0.254200
v 0.514769 4.035029 -0.994435
v 0.144652 4.096886 -1.014317
v -0.225466 4.035029 -0.994435
v 0.534651 4.096887 -0.624318
v 0.144652 4.164408 -0.624318
v -0.245348 4.096886 -0.624318
v 0.514769 4.035028 -0.254200
v 0.144652 4.096887 -0.234318
v -0.225466 4.035029 -0.254200
vn -0.1349 0.1457 -0.9801
vn 0.0449 -0.1892 -0.9809
vn -0.1403 0.1152 -0.9834
vn 0.0782 -0.2037 -0.9759
vn -0.2441 0.5427 -0.8037
vn -0.1124 0.1846 -0.9764
vn 0.0008 -0.1429 -0.9897
vn 0.1096 -0.5106 -0.8528
vn 0.2605 -0.5695 -0.7796
vn 0.3284 -0.5460 -0.7707
vn 0.3461 -0.5224 -0.7793
vn 0.0917 -0.2024 -0.9750
vn -0.1340 0.0970 -0.9862
vn -0.3587 0.4083 -0.8394
vn -0.3549 0.4410 -0.8243
vn -0.3179 0.4897 -0.8118
vn 0.0911 -0.0259 0.9955
vn 0.0883 -0.0405 0.9953
vn -0.0911 -0.0259 0.9955
vn -0.0883 -0.0405 0.9953
vn 0.3202 -0.0079 0.9473
vn 0.3150 -0.0376 0.9483
vn 0.3060 -0.0587 0.9502
vn 0.2938 -0.0760 0.9528
vn 0.0845 -0.0500 0.9952
vn -0.0845 -0.0500 0.9952
vn -0.2938 -0.0760 0.9528
vn -0.3060 -0.0587 0.9502
vn -0.3150 -0.0376 0.9483
vn -0.3202 -0.0079 0.9473
vn -0.0924 -0.0026 0.9957
vn 0.0924 -0.0026 0.9957
vn -0.9488 -0.0938 0.3015
vn -0.9412 -0.1438 0.3056
vn -0.9484 -0.0907 -0.3037
vn -0.9392 -0.1384 -0.3141
vn -0.6617 -0.0223 0.7494
vn -0.6528 -0.0657 0.7546
vn -0.6396 -0.1013 0.7620
vn -0.6223 -0.1376 0.7706
vn -0.9298 -0.2006 0.3086
vn -0.9247 -0.1931 -0.3282
vn -0.6203 -0.1251 -0.7743
vn -0.6391 -0.0904 -0.7638
vn -0.6537 -0.0584 -0.7545
vn -0.6643 -0.0209 -0.7471
vn -0.9541 -0.0379 -0.2971
vn -0.9540 -0.0381 0.2974
vn -0.1066 0.0938 -0.9899
vn 0.1066 0.0938 -0.9899
vn 0.1287 0.2298 -0.9647
vn -0.0000 0.2084 -0.9780
vn -0.1287 0.2298 -0.9647
vn -0.3314 0.0357 -0.9428
vn -0.0979 0.0376 -0.9945
vn -0.3408 0.1065 -0.9341
vn 0.3314 0.0357 -0.9428
vn 0.3408 0.1065 -0.9341
vn 0.0979 0.0376 -0.9945
vn 0.4118 0.3377 -0.8464
vn 0.1896 0.2851 -0.9396
vn 0.3638 0.2368 -0.9009
vn -0.0000 0.1450 -0.9894
vn -0.0638 0.2115 -0.9753
vn 0.0638 0.2115 -0.9753
vn -0.4118 0.3377 -0.8464
vn -0.3638 0.2368 -0.9009
vn -0.1896 0.2851 -0.9396
vn 0.9484 -0.0907 -0.3037
vn 0.9392 -0.1384 -0.3141
vn 0.9488 -0.0938 0.3015
vn 0.9412 -0.1438 0.3056
vn 0.6643 -0.0209 -0.7471
vn 0.6537 -0.0584 -0.7545
vn 0.6391 -0.0904 -0.7638
vn 0.6203 -0.1251 -0.7743
vn 0.9247 -0.1931 -0.3282
vn 0.9298 -0.2006 0.3086
vn 0.6223 -0.1376 0.7706
vn 0.6396 -0.1013 0.7620
vn 0.6528 -0.0657 0.7546
vn 0.6617 -0.0223 0.7494
vn 0.9540 -0.0381 0.2974
vn 0.9541 -0.0379 -0.2971
vn -0.0922 -0.0155 -0.9956
vn -0.0891 -0.0309 -0.9955
vn 0.0922 -0.0155 -0.9956
vn 0.0891 -0.0309 -0.9955
vn -0.3251 -0.0034 -0.9457
vn -0.3172 -0.0284 -0.9479
vn -0.3076 -0.0481 -0.9503
vn -0.2967 -0.0678 -0.9526
vn -0.0859 -0.0448 -0.9953
vn 0.0859 -0.0448 -0.9953
vn 0.2967 -0.0678 -0.9526
vn 0.3076 -0.0481 -0.9503
vn 0.3172 -0.0284 -0.9479
vn 0.3251 -0.0034 -0.9457
vn 0.0949 0.0050 -0.9955
vn -0.0949 0.0050 -0.9955
vn 0.0701 0.9873 -0.1428
vn -0.0701 0.9873 -0.1428
vn 0.0709 0.9913 0.1104
vn -0.0709 0.9913 0.1104
vn 0.2000 0.8707 -0.4493
vn 0.0644 0.8930 -0.4454
vn -0.0644 0.8930 -0.4454
vn -0.2000 0.8707 -0.4493
vn -0.2184 0.9650 -0.1453
vn -0.2209 0.9692 0.1086
vn -0.2103 0.8949 0.3937
vn -0.0675 0.9157 0.3961
vn 0.0675 0.9157 0.3961
vn 0.2103 0.8949 0.3937
vn 0.2209 0.9692 0.1086
vn 0.2184 0.9650 -0.1453
vn 0.2200 0.2393 0.9457
vn 0.0165 -0.1422 0.9897
vn 0.2328 0.2260 0.9459
vn -0.0240 -0.1499 0.9884
vn 0.3015 0.6193 0.7250
vn 0.1803 0.2610 0.9483
vn 0.0568 -0.0983 0.9935
vn -0.0602 -0.4700 0.8806
vn -0.2054 -0.5242 0.8264
vn -0.2744 -0.4891 0.8279
vn -0.3001 -0.4478 0.8423
vn -0.0513 -0.1336 0.9897
vn 0.2215 0.2261 0.9486
vn 0.4563 0.5494 0.6999
vn 0.4472 0.5603 0.6972
vn 0.3948 0.5872 0.7067
vn 0.0153 -0.0057 -0.9999
vn -0.0153 -0.0057 -0.9999
vn 0.0248 0.2474 -0.9686
vn -0.0248 0.2474 -0.9686
vn 0.0362 -0.3185 -0.9472
vn 0.0225 -0.1347 -0.9906
vn -0.0225 -0.1347 -0.9906
vn -0.0362 -0.3185 -0.9472
vn -0.0275 -0.0669 -0.9974
vn -0.0718 0.2229 -0.9722
vn -0.1431 0.5847 -0.7985
vn -0.0463 0.6046 -0.7952
vn 0.0463 0.6046 -0.7952
vn 0.1431 0.5847 -0.7985
vn 0.0718 0.2229 -0.9722
vn 0.0275 -0.0669 -0.9974
vn -0.0211 0.0388 0.9990
vn 0.0211 0.0388 0.9990
vn -0.0326 0.3094 0.9504
vn 0.0326 0.3094 0.9504
vn -0.0486 -0.2773 0.9596
vn -0.0258 -0.0942 0.9952
vn 0.0258 -0.0942 0.9952
vn 0.0486 -0.2773 0.9596
vn 0.0482 -0.0217 0.9986
vn 0.0981 0.2892 0.9522
vn 0.1668 0.6503 0.7412
vn 0.0535 0.6657 0.7443
vn -0.0535 0.6657 0.7443
vn -0.1668 0.6503 0.7412
vn -0.0981 0.2892 0.9522
vn -0.0482 -0.0217 0.9986
vn -0.0713 -0.0717 0.9949
vn 0.0713 -0.0717 0.9949
vn -0.0582 -0.0940 0.9939
vn 0.0582 -0.0940 0.9939
vn -0.2781 -0.0978 0.9556
vn -0.0794 -0.0575 0.9952
vn 0.0794 -0.0575 0.9952
vn 0.2781 -0.0978 0.9556
vn 0.2533 -0.1480 0.9560
vn 0.2066 -0.2333 0.9502
vn 0.1170 -0.3215 0.9396
vn 0.0415 -0.1108 0.9930
vn -0.0415 -0.1108 0.9930
vn -0.1170 -0.3215 0.9396
vn -0.2066 -0.2333 0.9502
vn -0.2533 -0.1480 0.9560
vn 0.0744 -0.0912 -0.9930
vn -0.0744 -0.0912 -0.9930
vn 0.0606 -0.1310 -0.9895
vn -0.0606 -0.1310 -0.9895
vn 0.2832 -0.0970 -0.9541
vn 0.0818 -0.0622 -0.9947
vn -0.0818 -0.0622 -0.9947
vn -0.2832 -0.0970 -0.9541
vn -0.2609 -0.1614 -0.9518
vn -0.2135 -0.2704 -0.9388
vn -0.1121 -0.3813 -0.9177
vn -0.0412 -0.1566 -0.9868
vn 0.0412 -0.1566 -0.9868
vn 0.1121 -0.3813 -0.9177
vn 0.2135 -0.2704 -0.9388
vn 0.2609 -0.1614 -0.9518
vn 0.8232 -0.4866 0.2925
vn 0.8145 -0.4760 -0.3316
vn 0.5575 -0.7917 0.2495
vn 0.5562 -0.7925 -0.2500
vn 0.5985 -0.1928 0.7776
vn 0.9058 -0.2912 0.3077
vn 0.8968 -0.2813 -0.3415
vn 0.5953 -0.1815 -0.7827
vn 0.5502 -0.3158 -0.7730
vn 0.4318 -0.5683 -0.7005
vn 0.1353 -0.8465 -0.5149
vn 0.0340 -0.9966 -0.0748
vn 0.0394 -0.9818 0.1857
vn 0.1426 -0.8005 0.5821
vn 0.4297 -0.5506 0.7157
vn 0.5516 -0.3204 0.7701
vn -0.8145 -0.4760 -0.3316
vn -0.8232 -0.4866 0.2925
vn -0.5562 -0.7925 -0.2500
vn -0.5575 -0.7917 0.2495
vn -0.5953 -0.1815 -0.7827
vn -0.8968 -0.2813 -0.3415
vn -0.9058 -0.2912 0.3077
vn -0.5985 -0.1928 0.7776
vn -0.5516 -0.3204 0.7701
vn -0.4297 -0.5506 0.7157
vn -0.1426 -0.8005 0.5821
vn -0.0394 -0.9818 0.1858
vn -0.0340 -0.9966 -0.0748
vn -0.1353 -0.8465 -0.5149
vn -0.4318 -0.5683 -0.7005
vn -0.5502 -0.3158 -0.7730
vn -0.1338 0.0688 -0.9886
vn 0.0642 -0.2222 -0.9729
vn -0.1843 0.0153 -0.9828
vn 0.0050 -0.2776 -0.9607
vn -0.3415 0.3969 -0.8520
vn -0.1235 0.0886 -0.9884
vn 0.0884 -0.2030 -0.9752
vn 0.3256 -0.5182 -0.7909
vn 0.2792 -0.5344 -0.7978
vn 0.1973 -0.5743 -0.7945
vn 0.0711 -0.6219 -0.7799
vn -0.1111 -0.3879 -0.9150
vn -0.3043 -0.0902 -0.9483
vn -0.4641 0.2144 -0.8594
vn -0.3860 0.3265 -0.8628
vn -0.3441 0.3787 -0.8592
vn -0.4940 -0.7998 0.3410
vn -0.5172 -0.8543 0.0515
vn -0.4154 -0.8611 0.2932
vn -0.4245 -0.9054 -0.0094
vn -0.4527 -0.6537 0.6065
vn -0.5354 -0.7651 0.3578
vn -0.5673 -0.8196 0.0801
vn -0.5238 -0.7923 -0.3130
vn -0.4658 -0.8165 -0.3411
vn -0.3652 -0.8502 -0.3793
vn -0.2194 -0.8841 -0.4126
vn -0.2452 -0.9617 -0.1225
vn -0.2475 -0.9476 0.2020
vn -0.2231 -0.8371 0.4996
vn -0.3486 -0.7399 0.5753
vn -0.4170 -0.6800 0.6031
vn -0.4840 -0.8411 0.2413
vn -0.5077 -0.8591 0.0653
vn -0.5428 -0.7830 0.3037
vn -0.5739 -0.8157 0.0723
vn -0.2465 -0.8797 0.4067
vn -0.3405 -0.9226 0.1811
vn -0.3598 -0.9320 0.0440
vn -0.2995 -0.9272 -0.2252
vn -0.4657 -0.8468 -0.2568
vn -0.5343 -0.7961 -0.2841
vn -0.5523 -0.7793 -0.2961
vn -0.5934 -0.8005 0.0845
vn -0.5588 -0.7534 0.3466
vn -0.4734 -0.6559 0.5880
vn -0.4564 -0.7035 0.5448
vn -0.3983 -0.7819 0.4796
vn 0.5025 0.8461 -0.1774
vn 0.5103 0.8565 0.0783
vn 0.5805 0.7897 -0.1983
vn 0.5888 0.8059 0.0629
vn 0.3403 0.8187 -0.4626
vn 0.3772 0.9127 -0.1573
vn 0.3840 0.9182 0.0968
vn 0.3692 0.8485 0.3792
vn 0.4881 0.7953 0.3595
vn 0.5601 0.7521 0.3472
vn 0.5852 0.7340 0.3447
vn 0.6207 0.7824 0.0514
vn 0.6128 0.7591 -0.2197
vn 0.5457 0.6413 -0.5393
vn 0.5212 0.6840 -0.5104
vn 0.4534 0.7480 -0.4847
vn -0.0579 -0.2080 -0.9764
vn 0.1234 0.1275 -0.9841
vn -0.0837 -0.2389 -0.9674
vn 0.1354 0.0796 -0.9876
vn -0.1270 -0.5155 -0.8475
vn -0.0189 -0.1470 -0.9890
vn 0.0957 0.1816 -0.9787
vn 0.2324 0.5405 -0.8086
vn 0.3099 0.4746 -0.8238
vn 0.3519 0.4106 -0.8412
vn 0.3614 0.3603 -0.8600
vn 0.1365 0.0419 -0.9898
vn -0.0894 -0.2562 -0.9625
vn -0.3453 -0.5643 -0.7499
vn -0.3345 -0.5732 -0.7480
vn -0.2736 -0.5846 -0.7638
vn 0.5049 -0.8620 0.0444
vn 0.4865 -0.8451 0.2218
vn 0.5713 -0.8198 0.0397
vn 0.5428 -0.7942 0.2731
vn 0.2865 -0.9266 -0.2437
vn 0.3558 -0.9339 0.0353
vn 0.3455 -0.9222 0.1735
vn 0.2602 -0.8826 0.3915
vn 0.4061 -0.7897 0.4599
vn 0.4588 -0.7227 0.5170
vn 0.4707 -0.6889 0.5512
vn 0.5560 -0.7735 0.3043
vn 0.5901 -0.8064 0.0395
vn 0.5498 -0.7635 -0.3389
vn 0.5291 -0.7872 -0.3167
vn 0.4571 -0.8440 -0.2804
vn -0.0032 -0.1633 0.9866
vn -0.2083 0.2193 0.9532
vn 0.0291 -0.1871 0.9819
vn -0.2284 0.1900 0.9548
vn 0.0772 -0.4750 0.8766
vn -0.0380 -0.1044 0.9938
vn -0.1633 0.2557 0.9529
vn -0.2902 0.6165 0.7320
vn -0.3877 0.5731 0.7220
vn -0.4450 0.5338 0.7191
vn -0.4597 0.5092 0.7275
vn -0.2260 0.1733 0.9586
vn 0.0466 -0.1884 0.9810
vn 0.2965 -0.4947 0.8169
vn 0.2785 -0.5193 0.8079
vn 0.2174 -0.5406 0.8127
vn -0.5095 0.8549 0.0981
vn -0.5029 0.8498 -0.1578
vn -0.5886 0.8029 0.0940
vn -0.5802 0.7970 -0.1676
vn -0.3644 0.8473 0.3863
vn -0.3823 0.9182 0.1039
vn -0.3778 0.9136 -0.1504
vn -0.3448 0.8204 -0.4561
vn -0.4563 0.7574 -0.4670
vn -0.5217 0.7029 -0.4835
vn -0.5430 0.6718 -0.5038
vn -0.6112 0.7712 -0.1782
vn -0.6208 0.7783 0.0937
vn -0.5872 0.7129 0.3834
vn -0.5598 0.7384 0.3761
vn -0.4856 0.7881 0.3783
vn -0.4419 -0.7312 -0.5197
vn -0.5654 -0.8238 -0.0418
vn -0.7795 -0.2774 -0.5616
vn -0.9671 -0.2500 -0.0472
vn -0.0450 -0.7794 -0.6250
vn -0.0626 -0.9312 -0.3590
vn -0.0848 -0.9960 0.0296
vn -0.1009 -0.8903 0.4441
vn -0.4846 -0.6504 0.5850
vn -0.8126 -0.0909 0.5757
vn -0.8403 0.3491 0.4148
vn -0.9382 0.3461 0.0053
vn -0.8647 0.2634 -0.4277
vn -0.6802 0.1590 -0.7155
vn -0.5228 -0.2128 -0.8255
vn -0.2779 -0.5604 -0.7802
vn 0.5654 -0.8248 0.0096
vn 0.4419 -0.7621 -0.4732
vn 0.9671 -0.2524 -0.0316
vn 0.7795 -0.3119 -0.5433
vn 0.1009 -0.8609 0.4986
vn 0.0848 -0.9922 0.0916
vn 0.0626 -0.9518 -0.3003
vn 0.0450 -0.8167 -0.5752
vn 0.2779 -0.6079 -0.7438
vn 0.5228 -0.2637 -0.8106
vn 0.6802 0.1141 -0.7240
vn 0.8647 0.2362 -0.4433
vn 0.9382 0.3457 -0.0163
vn 0.8403 0.3742 0.3922
vn 0.8126 -0.0549 0.5802
vn 0.4846 -0.6127 0.6244
vn 0.0306 -0.1914 0.9810
vn -0.2143 0.1597 0.9636
vn -0.0388 -0.2286 0.9727
vn -0.2812 0.1370 0.9498
vn 0.2856 -0.4867 0.8255
vn 0.0510 -0.1844 0.9815
vn -0.2070 0.1673 0.9639
vn -0.4389 0.5028 0.7447
vn -0.4379 0.4950 0.7505
vn -0.4872 0.4703 0.7358
vn -0.5948 0.3987 0.6981
vn -0.4645 0.0673 0.8830
vn -0.2088 -0.3510 0.9128
vn 0.0495 -0.6391 0.7675
vn 0.1869 -0.5486 0.8149
vn 0.2545 -0.5000 0.8278
vn 0.6040 0.7593 -0.2421
vn 0.6129 0.7886 0.0500
vn 0.6419 0.7215 -0.2596
vn 0.6505 0.7583 0.0430
vn 0.5299 0.6352 -0.5619
vn 0.6030 0.7626 -0.2341
vn 0.6126 0.7889 0.0489
vn 0.5743 0.7385 0.3534
vn 0.5728 0.7358 0.3613
vn 0.6106 0.7074 0.3562
vn 0.7016 0.6372 0.3189
vn 0.7563 0.6540 0.0185
vn 0.7414 0.5944 -0.3115
vn 0.6468 0.4708 -0.6000
vn 0.5675 0.5761 -0.5882
vn 0.5305 0.6238 -0.5740
vn 0.5172 -0.8558 -0.0018
vn 0.4940 -0.8194 0.2906
vn 0.4245 -0.9031 -0.0658
vn 0.4154 -0.8777 0.2391
vn 0.5238 -0.7713 -0.3617
vn 0.5673 -0.8230 0.0289
vn 0.5354 -0.7859 0.3095
vn 0.4527 -0.6901 0.5646
vn 0.4170 -0.7162 0.5596
vn 0.3486 -0.7743 0.5281
vn 0.2231 -0.8665 0.4465
vn 0.2475 -0.9583 0.1427
vn 0.2452 -0.9522 -0.1822
vn 0.2194 -0.8567 -0.4668
vn 0.3652 -0.8249 -0.4314
vn 0.4658 -0.7937 -0.3912
vn 0.2143 0.2193 0.9518
vn -0.0306 -0.1300 0.9910
vn 0.2812 0.1958 0.9395
vn 0.0388 -0.1676 0.9851
vn 0.4389 0.5482 0.7119
vn 0.2070 0.2269 0.9516
vn -0.0510 -0.1230 0.9911
vn -0.2856 -0.4344 0.8542
vn -0.2545 -0.4475 0.8573
vn -0.1869 -0.4968 0.8475
vn -0.0495 -0.5901 0.8058
vn 0.2088 -0.2935 0.9329
vn 0.4645 0.1222 0.8771
vn 0.5948 0.4414 0.6719
vn 0.4872 0.5152 0.7051
vn 0.4379 0.5407 0.7183
vn -0.0642 -0.2824 -0.9572
vn 0.1338 0.0071 -0.9910
vn -0.0050 -0.3369 -0.9415
vn 0.1843 -0.0459 -0.9818
vn -0.3256 -0.5664 -0.7571
vn -0.0884 -0.2633 -0.9607
vn 0.1235 0.0269 -0.9920
vn 0.3415 0.3431 -0.8750
vn 0.3441 0.3244 -0.8811
vn 0.3860 0.2722 -0.8814
vn 0.4641 0.1605 -0.8711
vn 0.3043 -0.1491 -0.9408
vn 0.1111 -0.4441 -0.8890
vn -0.0711 -0.6692 -0.7397
vn -0.1973 -0.6227 -0.7572
vn -0.2792 -0.5830 -0.7630
vn -0.6129 0.7840 0.0990
vn -0.6040 0.7729 -0.1943
vn -0.6505 0.7542 0.0901
vn -0.6419 0.7363 -0.2142
vn -0.5743 0.7150 0.3987
vn -0.6126 0.7843 0.0979
vn -0.6030 0.7757 -0.1862
vn -0.5299 0.6689 -0.5212
vn -0.5305 0.6583 -0.5341
vn -0.5675 0.6116 -0.5512
vn -0.6468 0.5072 -0.5695
vn -0.7414 0.6126 -0.2739
vn -0.7563 0.6516 0.0591
vn -0.7016 0.6161 0.3579
vn -0.6106 0.6838 0.3995
vn -0.5728 0.7119 0.4065
vn -0.9838 -0.0679 0.1656
vn -0.9835 -0.0690 -0.1670
vn -0.9729 -0.1574 0.1696
vn -0.9726 -0.1608 -0.1679
vn -0.8670 -0.0295 0.4974
vn -0.9858 -0.0330 0.1646
vn -0.9854 -0.0333 -0.1673
vn -0.8482 -0.0297 -0.5289
vn -0.8466 -0.0670 -0.5280
vn -0.8369 -0.1593 -0.5237
vn -0.8083 -0.3165 -0.4965
vn -0.9191 -0.3532 -0.1746
vn -0.9210 -0.3445 0.1817
vn -0.8274 -0.2986 0.4756
vn -0.8553 -0.1510 0.4957
vn -0.8651 -0.0646 0.4974
vn 0.0940 0.0843 0.9920
vn -0.0940 0.0843 0.9920
vn -0.1051 0.1813 0.9778
vn -0.0000 0.1288 0.9917
vn 0.1051 0.1813 0.9778
vn 0.3209 0.0387 0.9463
vn 0.0923 0.0349 0.9951
vn 0.3209 0.1107 0.9406
vn -0.3209 0.0387 0.9463
vn -0.3209 0.1107 0.9406
vn -0.0923 0.0349 0.9951
vn -0.3658 0.3116 0.8770
vn -0.1420 0.2058 0.9682
vn -0.3316 0.2267 0.9158
vn -0.0000 -0.0013 1.0000
vn 0.0366 0.0909 0.9952
vn -0.0366 0.0909 0.9952
vn 0.3658 0.3116 0.8770
vn 0.3316 0.2267 0.9158
vn 0.1420 0.2058 0.9682
vn -0.9497 0.1370 0.2817
vn -0.9513 0.1296 -0.2797
vn -0.9348 0.2503 0.2521
vn -0.9378 0.2418 -0.2490
vn -0.6657 0.0413 0.7450
vn -0.9553 0.0378 0.2932
vn -0.9558 0.0339 -0.2920
vn -0.6717 0.0341 -0.7401
vn -0.6811 0.1226 -0.7219
vn -0.6980 0.2529 -0.6699
vn -0.7302 0.3441 -0.5903
vn -0.9296 0.3042 -0.2079
vn -0.9263 0.3118 0.2117
vn -0.7091 0.3531 0.6103
vn -0.6802 0.2655 0.6833
vn -0.6696 0.1360 0.7302
vn 0.9513 0.1296 -0.2797
vn 0.9497 0.1370 0.2817
vn 0.9378 0.2418 -0.2490
vn 0.9348 0.2503 0.2521
vn 0.6717 0.0341 -0.7401
vn 0.9558 0.0339 -0.2920
vn 0.9553 0.0378 0.2932
vn 0.6657 0.0413 0.7450
vn 0.6696 0.1360 0.7302
vn 0.6802 0.2655 0.6833
vn 0.7091 0.3531 0.6103
vn 0.9263 0.3118 0.2117
vn 0.9296 0.3042 -0.2079
vn 0.7302 0.3441 -0.5903
vn 0.6980 0.2529 -0.6699
vn 0.6811 0.1226 -0.7219
vn 0.9781 0.1302 -0.1621
vn 0.9772 0.1329 0.1655
vn 0.9869 0.0482 -0.1543
vn 0.9863 0.0489 0.1575
vn 0.7913 0.3002 -0.5327
vn 0.9510 0.2531 -0.1779
vn 0.9487 0.2587 0.1817
vn 0.7706 0.3074 0.5582
vn 0.8305 0.1599 0.5335
vn 0.8537 0.0545 0.5179
vn 0.8587 0.0220 0.5119
vn 0.9876 0.0239 0.1549
vn 0.9881 0.0238 -0.1517
vn 0.8761 0.0220 -0.4817
vn 0.8712 0.0536 -0.4879
vn 0.8491 0.1559 -0.5047
vn 0.0874 0.0305 -0.9957
vn 0.2583 0.1056 -0.9603
vn 0.0626 -0.0302 -0.9976
vn 0.2559 0.0202 -0.9665
vn 0.0180 0.0615 -0.9979
vn 0.0896 0.1434 -0.9856
vn 0.2340 0.2398 -0.9422
vn 0.4823 0.3054 -0.8210
vn 0.5450 0.1580 -0.8234
vn 0.5706 0.0490 -0.8198
vn 0.5759 0.0152 -0.8173
vn 0.2423 -0.0012 -0.9702
vn 0.0170 -0.0430 -0.9989
vn -0.0984 -0.1490 -0.9839
vn -0.0077 -0.0799 -0.9968
vn 0.0109 -0.0209 -0.9997
vn 0.9837 -0.0660 -0.1671
vn 0.9841 -0.0650 0.1656
vn 0.9731 -0.1575 -0.1680
vn 0.9734 -0.1542 0.1696
vn 0.8482 -0.0273 -0.5290
vn 0.9854 -0.0305 -0.1673
vn 0.9859 -0.0303 0.1646
vn 0.8671 -0.0271 0.4975
vn 0.8653 -0.0620 0.4975
vn 0.8556 -0.1481 0.4959
vn 0.8283 -0.2955 0.4761
vn 0.9222 -0.3412 0.1819
vn 0.9203 -0.3498 -0.1749
vn 0.8091 -0.3135 -0.4971
vn 0.8372 -0.1564 -0.5240
vn 0.8467 -0.0645 -0.5281
vn 0.1611 0.0590 0.9852
vn 0.0116 -0.0393 0.9992
vn 0.1451 0.0025 0.9894
vn -0.0268 -0.0621 0.9977
vn 0.4212 0.2786 0.8631
vn 0.1599 0.1591 0.9742
vn 0.0345 0.0232 0.9991
vn -0.0046 -0.0684 0.9976
vn -0.0189 -0.1017 0.9946
vn -0.0448 -0.1256 0.9911
vn -0.1523 -0.1829 0.9713
vn -0.0865 -0.0589 0.9945
vn 0.1223 -0.0078 0.9925
vn 0.4925 0.0132 0.8702
vn 0.4897 0.0434 0.8708
vn 0.4705 0.1426 0.8708
vn -0.2583 0.1054 -0.9603
vn -0.0874 0.0304 -0.9957
vn -0.2559 0.0198 -0.9665
vn -0.0626 -0.0303 -0.9976
vn -0.4824 0.3053 -0.8211
vn -0.2340 0.2397 -0.9422
vn -0.0896 0.1434 -0.9856
vn -0.0180 0.0615 -0.9979
vn -0.0109 -0.0209 -0.9997
vn 0.0077 -0.0798 -0.9968
vn 0.0985 -0.1488 -0.9840
vn -0.0170 -0.0430 -0.9989
vn -0.2423 -0.0018 -0.9702
vn -0.5760 0.0140 -0.8174
vn -0.5706 0.0480 -0.8198
vn -0.5450 0.1574 -0.8235
vn -0.0116 -0.0393 0.9992
vn -0.1611 0.0588 0.9852
vn 0.0268 -0.0620 0.9977
vn -0.1451 0.0023 0.9894
vn 0.0046 -0.0684 0.9976
vn -0.0345 0.0232 0.9991
vn -0.1599 0.1590 0.9742
vn -0.4212 0.2785 0.8632
vn -0.4705 0.1422 0.8708
vn -0.4897 0.0426 0.8709
vn -0.4925 0.0122 0.8702
vn -0.1223 -0.0080 0.9925
vn 0.0865 -0.0586 0.9945
vn 0.1525 -0.1825 0.9713
vn 0.0448 -0.1255 0.9911
vn 0.0189 -0.1017 0.9946
vn -0.9773 0.1320 0.1655
vn -0.9783 0.1293 -0.1621
vn -0.9864 0.0473 0.1575
vn -0.9869 0.0465 -0.1543
vn -0.7706 0.3073 0.5583
vn -0.9488 0.2586 0.1817
vn -0.9510 0.2529 -0.1779
vn -0.7913 0.3001 -0.5327
vn -0.8492 0.1552 -0.5048
vn -0.8713 0.0521 -0.4880
vn -0.8761 0.0202 -0.4817
vn -0.9882 0.0217 -0.1517
vn -0.9877 0.0219 0.1549
vn -0.8588 0.0203 0.5120
vn -0.8538 0.0531 0.5179
vn -0.8307 0.1591 0.5336
vn -0.2960 -0.9188 -0.2611
vn 0.2791 -0.9247 -0.2590
vn -0.2568 -0.9246 0.2814
vn 0.3137 -0.9083 0.2766
vn -0.6349 -0.5323 -0.5599
vn -0.2714 -0.6670 -0.6939
vn 0.2109 -0.6806 -0.7017
vn 0.5868 -0.5670 -0.5781
vn 0.7132 -0.6681 -0.2122
vn 0.7257 -0.6501 0.2253
vn 0.6339 -0.5345 0.5590
vn 0.3044 -0.6561 0.6906
vn -0.1690 -0.6776 0.7158
vn -0.5767 -0.5596 0.5952
vn -0.7224 -0.6528 0.2280
vn -0.7399 -0.6382 -0.2129
vn -0.9877 -0.0125 0.1558
vn -0.9882 -0.0118 -0.1524
vn -0.9814 -0.1041 0.1610
vn -0.9825 -0.1013 -0.1565
vn -0.8593 0.0171 0.5112
vn -0.9878 0.0207 0.1546
vn -0.9883 0.0207 -0.1514
vn -0.8766 0.0175 -0.4810
vn -0.8760 -0.0170 -0.4820
vn -0.8689 -0.1068 -0.4833
vn -0.8437 -0.2637 -0.4676
vn -0.9395 -0.2977 -0.1692
vn -0.9357 -0.3053 0.1768
vn -0.8202 -0.2809 0.4984
vn -0.8494 -0.1152 0.5150
vn -0.8583 -0.0196 0.5127
vn 0.2860 -0.0471 0.9571
vn -0.0676 -0.0400 0.9969
vn 0.2865 -0.1395 0.9479
vn -0.0745 -0.1377 0.9877
vn 0.6027 -0.0202 0.7977
vn 0.2858 -0.0120 0.9582
vn -0.0663 -0.0032 0.9978
vn -0.4914 0.0075 0.8709
vn -0.4920 -0.0313 0.8700
vn -0.4917 -0.1307 0.8609
vn -0.4698 -0.3006 0.8300
vn -0.0974 -0.3445 0.9337
vn 0.2880 -0.3355 0.8970
vn 0.5760 -0.2916 0.7636
vn 0.5998 -0.1420 0.7875
vn 0.6026 -0.0551 0.7962
vn -0.2063 -0.0362 -0.9778
vn 0.1539 -0.0456 -0.9870
vn -0.2132 -0.1322 -0.9680
vn 0.1550 -0.1412 -0.9778
vn -0.5770 0.0094 -0.8167
vn -0.2044 -0.0002 -0.9789
vn 0.1539 -0.0095 -0.9880
vn 0.5228 -0.0190 -0.8523
vn 0.5230 -0.0563 -0.8505
vn 0.5214 -0.1497 -0.8401
vn 0.4983 -0.3101 -0.8096
vn 0.1632 -0.3458 -0.9240
vn -0.2304 -0.3362 -0.9132
vn -0.5586 -0.2814 -0.7802
vn -0.5785 -0.1201 -0.8068
vn -0.5780 -0.0269 -0.8156
vn -0.2782 -0.9252 -0.2581
vn 0.2955 -0.9191 -0.2606
vn -0.3127 -0.9090 0.2757
vn 0.2563 -0.9249 0.2809
vn -0.5857 -0.5694 -0.5769
vn -0.2105 -0.6820 -0.7004
vn 0.2711 -0.6677 -0.6933
vn 0.6351 -0.5320 -0.5600
vn 0.7400 -0.6380 -0.2129
vn 0.7225 -0.6527 0.2280
vn 0.5767 -0.5596 0.5952
vn 0.1687 -0.6784 0.7150
vn -0.3038 -0.6578 0.6892
vn -0.6327 -0.5370 0.5580
vn -0.7237 -0.6525 0.2247
vn -0.7112 -0.6704 -0.2115
vn -0.1539 -0.0461 -0.9870
vn 0.2063 -0.0357 -0.9778
vn -0.1550 -0.1421 -0.9776
vn 0.2133 -0.1319 -0.9681
vn -0.5228 -0.0205 -0.8522
vn -0.1539 -0.0099 -0.9880
vn 0.2044 0.0003 -0.9789
vn 0.5770 0.0110 -0.8167
vn 0.5780 -0.0252 -0.8156
vn 0.5785 -0.1187 -0.8070
vn 0.5588 -0.2806 -0.7804
vn 0.2303 -0.3364 -0.9131
vn -0.1631 -0.3471 -0.9235
vn -0.4980 -0.3123 -0.8090
vn -0.5213 -0.1516 -0.8398
vn -0.5229 -0.0579 -0.8504
vn 0.9883 -0.0090 -0.1524
vn 0.9877 -0.0097 0.1558
vn 0.9827 -0.0987 -0.1566
vn 0.9817 -0.1015 0.1611
vn 0.8765 0.0200 -0.4809
vn 0.9882 0.0235 -0.1514
vn 0.9877 0.0235 0.1545
vn 0.8593 0.0195 0.5111
vn 0.8584 -0.0172 0.5127
vn 0.8497 -0.1131 0.5151
vn 0.8206 -0.2794 0.4986
vn 0.9362 -0.3036 0.1769
vn 0.9401 -0.2959 -0.1693
vn 0.8441 -0.2621 -0.4678
vn 0.8691 -0.1045 -0.4834
vn 0.8760 -0.0145 -0.4820
vn 0.0676 -0.0399 0.9969
vn -0.2860 -0.0481 0.9570
vn 0.0745 -0.1379 0.9876
vn -0.2864 -0.1407 0.9477
vn 0.4915 0.0088 0.8709
vn 0.0663 -0.0030 0.9978
vn -0.2858 -0.0128 0.9582
vn -0.6027 -0.0219 0.7977
vn -0.6025 -0.0570 0.7961
vn -0.5996 -0.1442 0.7872
vn -0.5756 -0.2940 0.7630
vn -0.2878 -0.3371 0.8964
vn 0.0973 -0.3452 0.9335
vn 0.4699 -0.3001 0.8301
vn 0.4918 -0.1296 0.8610
vn 0.4920 -0.0300 0.8701
vn -0.2146 0.0016 -0.9767
vn 0.1042 -0.0234 -0.9943
vn -0.2071 0.0034 -0.9783
vn 0.1403 -0.0115 -0.9900
vn -0.5761 0.0118 -0.8173
vn -0.2271 -0.0006 -0.9739
vn 0.0447 -0.0351 -0.9984
vn 0.2749 -0.1516 -0.9494
vn 0.4654 -0.0721 -0.8821
vn 0.5111 -0.0329 -0.8589
vn 0.5215 -0.0160 -0.8531
vn 0.1524 -0.0052 -0.9883
vn -0.2046 0.0045 -0.9788
vn -0.5768 0.0138 -0.8168
vn -0.5767 0.0131 -0.8169
vn -0.5763 0.0126 -0.8171
vn 0.2311 -0.0291 0.9725
vn -0.0815 -0.0019 0.9967
vn 0.2711 -0.0151 0.9624
vn -0.0704 0.0004 0.9975
vn 0.3517 -0.1714 0.9203
vn 0.1621 -0.0445 0.9858
vn -0.0999 -0.0048 0.9950
vn -0.4916 0.0104 0.8708
vn -0.4912 0.0111 0.8710
vn -0.4913 0.0117 0.8709
vn -0.4914 0.0123 0.8709
vn -0.0667 0.0018 0.9978
vn 0.2841 -0.0079 0.9588
vn 0.6016 -0.0174 0.7986
vn 0.5919 -0.0351 0.8052
vn 0.5487 -0.0770 0.8325
vn -0.9878 0.0219 0.1545
vn -0.9882 0.0218 -0.1513
vn -0.9877 0.0229 0.1545
vn -0.9882 0.0228 -0.1513
vn -0.8593 0.0182 0.5111
vn -0.9878 0.0207 0.1545
vn -0.9883 0.0206 -0.1513
vn -0.8766 0.0182 -0.4809
vn -0.8766 0.0192 -0.4809
vn -0.8766 0.0201 -0.4809
vn -0.8765 0.0212 -0.4809
vn -0.9882 0.0240 -0.1513
vn -0.9877 0.0241 0.1544
vn -0.8593 0.0211 0.5110
vn -0.8593 0.0201 0.5110
vn -0.8593 0.0191 0.5111
vn 0.9884 -0.0843 -0.1266
vn 0.9883 -0.0842 0.1269
vn 0.9869 -0.0421 -0.1557
vn 0.9872 -0.0420 0.1538
vn 0.8240 -0.3357 -0.4564
vn 0.9631 -0.2511 -0.0973
vn 0.9624 -0.2508 0.1043
vn 0.8344 -0.3386 0.4349
vn 0.8795 -0.1046 0.4643
vn 0.8712 -0.0459 0.4888
vn 0.8677 -0.0246 0.4964
vn 0.9862 -0.0266 0.1632
vn 0.9858 -0.0267 -0.1661
vn 0.8489 -0.0245 -0.5280
vn 0.8533 -0.0459 -0.5195
vn 0.8642 -0.1047 -0.4921
vn 0.0815 -0.0018 0.9967
vn -0.2311 -0.0298 0.9725
vn 0.0704 0.0006 0.9975
vn -0.2711 -0.0158 0.9624
vn 0.4916 0.0115 0.8708
vn 0.0999 -0.0046 0.9950
vn -0.1621 -0.0449 0.9858
vn -0.3514 -0.1724 0.9202
vn -0.5486 -0.0784 0.8324
vn -0.5919 -0.0366 0.8052
vn -0.6016 -0.0191 0.7986
vn -0.2841 -0.0087 0.9587
vn 0.0667 0.0019 0.9978
vn 0.4914 0.0136 0.8708
vn 0.4913 0.0129 0.8709
vn 0.4912 0.0123 0.8709
vn 0.9882 0.0241 -0.1513
vn 0.9877 0.0242 0.1545
vn 0.9882 0.0253 -0.1513
vn 0.9877 0.0254 0.1544
vn 0.8766 0.0202 -0.4809
vn 0.9882 0.0229 -0.1513
vn 0.9877 0.0229 0.1545
vn 0.8593 0.0201 0.5111
vn 0.8593 0.0212 0.5110
vn 0.8593 0.0222 0.5110
vn 0.8593 0.0234 0.5110
vn 0.9876 0.0267 0.1544
vn 0.9881 0.0266 -0.1513
vn 0.8765 0.0235 -0.4808
vn 0.8765 0.0223 -0.4808
vn 0.8765 0.0213 -0.4809
vn -0.1042 -0.0236 -0.9943
vn 0.2146 0.0021 -0.9767
vn -0.1403 -0.0118 -0.9900
vn 0.2071 0.0039 -0.9783
vn -0.2748 -0.1524 -0.9494
vn -0.0447 -0.0352 -0.9984
vn 0.2271 -0.0001 -0.9739
vn 0.5761 0.0131 -0.8173
vn 0.5763 0.0140 -0.8171
vn 0.5767 0.0146 -0.8168
vn 0.5768 0.0153 -0.8167
vn 0.2046 0.0051 -0.9788
vn -0.1524 -0.0056 -0.9883
vn -0.5215 -0.0173 -0.8531
vn -0.5111 -0.0342 -0.8589
vn -0.4654 -0.0733 -0.8821
vn -0.9881 -0.0867 0.1270
vn -0.9882 -0.0869 -0.1265
vn -0.9871 -0.0445 0.1538
vn -0.9868 -0.0446 -0.1557
vn -0.8332 -0.3411 0.4352
vn -0.9615 -0.2540 0.1045
vn -0.9622 -0.2542 -0.0974
vn -0.8229 -0.3381 -0.4567
vn -0.8640 -0.1069 -0.4921
vn -0.8532 -0.0481 -0.5194
vn -0.8489 -0.0267 -0.5279
vn -0.9857 -0.0293 -0.1660
vn -0.9861 -0.0292 0.1633
vn -0.8677 -0.0269 0.4964
vn -0.8711 -0.0481 0.4888
vn -0.8792 -0.1069 0.4642
vn -0.9708 -0.1697 0.1697
vn -0.9708 0.1697 0.1697
vn -0.9708 -0.1697 -0.1697
vn -0.9708 0.1697 -0.1697
vn -0.7504 -0.4674 0.4674
vn -0.8367 -0.1678 0.5213
vn -0.8367 0.1678 0.5213
vn -0.7504 0.4674 0.4674
vn -0.8367 0.5213 0.1678
vn -0.8367 0.5213 -0.1678
vn -0.7504 0.4674 -0.4674
vn -0.8367 0.1678 -0.5213
vn -0.8367 -0.1678 -0.5213
vn -0.7504 -0.4674 -0.4674
vn -0.8367 -0.5213 -0.1678
vn -0.8367 -0.5213 0.1678
vn -0.1697 -0.1697 -0.9708
vn -0.1697 0.1697 -0.9708
vn 0.1697 -0.1697 -0.9708
vn 0.1697 0.1697 -0.9708
vn -0.4674 -0.4674 -0.7504
vn -0.5213 -0.1678 -0.8367
vn -0.5213 0.1678 -0.8367
vn -0.4674 0.4674 -0.7504
vn -0.1678 0.5213 -0.8367
vn 0.1678 0.5213 -0.8367
vn 0.4674 0.4674 -0.7504
vn 0.5213 0.1678 -0.8367
vn 0.5213 -0.1678 -0.8367
vn 0.4674 -0.4674 -0.7504
vn 0.1678 -0.5213 -0.8367
vn -0.1678 -0.5213 -0.8367
vn 0.9708 -0.1697 -0.1697
vn 0.9708 0.1697 -0.1697
vn 0.9708 -0.1697 0.1697
vn 0.9708 0.1697 0.1697
vn 0.7504 -0.4674 -0.4674
vn 0.8367 -0.1678 -0.5213
vn 0.8367 0.1678 -0.5213
vn 0.7504 0.4674 -0.4674
vn 0.8367 0.5213 -0.1678
vn 0.8367 0.5213 0.1678
vn 0.7504 0.4674 0.4674
vn 0.8367 0.1678 0.5213
vn 0.8367 -0.1678 0.5213
vn 0.7504 -0.4674 0.4674
vn 0.8367 -0.5213 0.1678
vn 0.8367 -0.5213 -0.1678
vn 0.1697 -0.1697 0.9708
vn 0.1697 0.1697 0.9708
vn -0.1697 -0.1697 0.9708
vn -0.1697 0.1697 0.9708
vn 0.4674 -0.4674 0.7504
vn 0.5213 -0.1678 0.8367
vn 0.5213 0.1678 0.8367
vn 0.4674 0.4674 0.7504
vn 0.1678 0.5213 0.8367
vn -0.1678 0.5213 0.8367
vn -0.4674 0.4674 0.7504
vn -0.5213 0.1678 0.8367
vn -0.5213 -0.1678 0.8367
vn -0.4674 -0.4674 0.7504
vn -0.1678 -0.5213 0.8367
vn 0.1678 -0.5213 0.8367
vn -0.1697 -0.9708 -0.1697
vn 0.1697 -0.9708 -0.1697
vn -0.1697 -0.9708 0.1697
vn 0.1697 -0.9708 0.1697
vn -0.4674 -0.7504 -0.4674
vn -0.1678 -0.8367 -0.5213
vn 0.1678 -0.8367 -0.5213
vn 0.4674 -0.7504 -0.4674
vn 0.5213 -0.8367 -0.1678
vn 0.5213 -0.8367 0.1678
vn 0.4674 -0.7504 0.4674
vn 0.1678 -0.8367 0.5213
vn -0.1678 -0.8367 0.5213
vn -0.4674 -0.7504 0.4674
vn -0.5213 -0.8367 0.1678
vn -0.5213 -0.8367 -0.1678
vn 0.1697 0.9708 -0.1697
vn -0.1697 0.9708 -0.1697
vn 0.1697 0.9708 0.1697
vn -0.1697 0.9708 0.1697
vn 0.4674 0.7504 -0.4674
vn 0.1678 0.8367 -0.5213
vn -0.1678 0.8367 -0.5213
vn -0.4674 0.7504 -0.4674
vn -0.5213 0.8367 -0.1678
vn -0.5213 0.8367 0.1678
vn -0.4674 0.7504 0.4674
vn -0.1678 0.8367 0.5213
vn 0.1678 0.8367 0.5213
vn 0.4674 0.7504 0.4674
vn 0.5213 0.8367 0.1678
vn 0.5213 0.8367 -0.1678
vt 0.625000 0.258708
vt 0.625000 0.259983
vt 0.625000 0.249132
vt 0.625000 0.251845
vt 0.625000 0.249688
vt 0.625000 0.237413
vt 0.625000 0.245334
vt 0.625000 0.249661
vt 0.625000 0.233046
vt 0.625000 0.250000
vt 0.625000 0.278537
vt 0.625000 0.250000
vt 0.625000 0.283854
vt 0.625000 0.276150
vt 0.625000 0.223416
vt 0.625000 0.212674
vt 0.625000 0.208876
vt 0.625000 0.208333
vt 0.625000 0.232422
vt 0.625000 0.244792
vt 0.625000 0.249349
vt 0.454129 0.812500
vt 0.500000 0.812500
vt 0.500000 0.875000
vt 0.452040 0.875000
vt 0.545871 0.812500
vt 0.547960 0.875000
vt 0.500000 0.937500
vt 0.446533 0.937500
vt 0.553467 0.937500
vt 0.416667 0.750000
vt 0.454427 0.750000
vt 0.416233 0.812500
vt 0.500000 0.750000
vt 0.545573 0.750000
vt 0.583333 0.750000
vt 0.583767 0.812500
vt 0.586806 0.875000
vt 0.595920 0.937500
vt 0.625000 1.000000
vt 0.562500 1.000000
vt 0.500000 1.000000
vt 0.437500 1.000000
vt 0.404080 0.937500
vt 0.375000 1.000000
vt 0.413194 0.875000
vt 0.446533 0.062500
vt 0.500000 0.062500
vt 0.500000 0.125000
vt 0.452040 0.125000
vt 0.553467 0.062500
vt 0.547960 0.125000
vt 0.500000 0.187500
vt 0.454129 0.187500
vt 0.545871 0.187500
vt 0.375000 0.000000
vt 0.437500 0.000000
vt 0.404080 0.062500
vt 0.500000 0.000000
vt 0.562500 0.000000
vt 0.625000 0.000000
vt 0.595920 0.062500
vt 0.586806 0.125000
vt 0.583767 0.187500
vt 0.583333 0.250000
vt 0.545573 0.250000
vt 0.500000 0.250000
vt 0.454427 0.250000
vt 0.416233 0.187500
vt 0.416667 0.250000
vt 0.413194 0.125000
vt 0.392539 0.312042
vt 0.392422 0.375000
vt 0.378750 0.375000
vt 0.380052 0.307977
vt 0.392539 0.437958
vt 0.380052 0.442023
vt 0.392422 0.375000
vt 0.375612 0.453430
vt 0.375386 0.406711
vt 0.380052 0.442023
vt 0.375069 0.375000
vt 0.375386 0.343289
vt 0.375386 0.406711
vt 0.375612 0.296570
vt 0.380052 0.307977
vt 0.375386 0.343289
vt 0.416667 0.250000
vt 0.416667 0.312500
vt 0.392578 0.249674
vt 0.416667 0.375000
vt 0.380208 0.247396
vt 0.416667 0.500000
vt 0.392578 0.500326
vt 0.416667 0.437500
vt 0.380208 0.502604
vt 0.416667 0.375000
vt 0.375000 0.513889
vt 0.375000 0.464898
vt 0.375651 0.507921
vt 0.375000 0.424045
vt 0.380208 0.502604
vt 0.375000 0.375000
vt 0.375000 0.356364
vt 0.375000 0.393636
vt 0.375000 0.325955
vt 0.375000 0.424045
vt 0.375000 0.236111
vt 0.375651 0.242079
vt 0.375000 0.285102
vt 0.375000 0.325955
vt 0.454427 0.562500
vt 0.500000 0.562500
vt 0.500000 0.625000
vt 0.454427 0.625000
vt 0.545573 0.562500
vt 0.545573 0.625000
vt 0.500000 0.687500
vt 0.454427 0.687500
vt 0.545573 0.687500
vt 0.416667 0.500000
vt 0.454427 0.500000
vt 0.416667 0.562500
vt 0.500000 0.500000
vt 0.545573 0.500000
vt 0.583333 0.500000
vt 0.583333 0.562500
vt 0.583333 0.625000
vt 0.583333 0.687500
vt 0.416667 0.687500
vt 0.416667 0.625000
vt 0.454427 0.312500
vt 0.500000 0.312500
vt 0.500000 0.375000
vt 0.454427 0.375000
vt 0.545573 0.312500
vt 0.545573 0.375000
vt 0.500000 0.437500
vt 0.454427 0.437500
vt 0.545573 0.437500
vt 0.416667 0.312500
vt 0.583333 0.312500
vt 0.583333 0.375000
vt 0.583333 0.437500
vt 0.416667 0.437500
vt 0.696235 0.562717
vt 0.750000 0.562500
vt 0.750000 0.625000
vt 0.699653 0.625000
vt 0.803765 0.562500
vt 0.800347 0.625000
vt 0.750000 0.687500
vt 0.696235 0.687283
vt 0.803765 0.687500
vt 0.625000 0.500000
vt 0.687500 0.500000
vt 0.653700 0.564941
vt 0.750000 0.500000
vt 0.812500 0.500000
vt 0.875000 0.500000
vt 0.846354 0.562500
vt 0.840278 0.625000
vt 0.846354 0.687500
vt 0.875000 0.750000
vt 0.812500 0.750000
vt 0.750000 0.750000
vt 0.687500 0.750000
vt 0.653700 0.685059
vt 0.625000 0.750000
vt 0.659722 0.625000
vt 0.625231 0.749363
vt 0.625000 0.757379
vt 0.625000 0.744792
vt 0.625109 0.736871
vt 0.625000 0.749363
vt 0.625000 0.736871
vt 0.625000 0.740234
vt 0.625014 0.732408
vt 0.625000 0.732408
vt 0.625054 0.775987
vt 0.627604 0.723416
vt 0.625000 0.782986
vt 0.625000 0.776042
vt 0.625000 0.750000
vt 0.625000 0.723416
vt 0.625000 0.712674
vt 0.625000 0.708876
vt 0.625000 0.708333
vt 0.625000 0.731771
vt 0.625000 0.739583
vt 0.625109 0.708876
vt 0.625868 0.712674
vt 0.625000 0.428792
vt 0.625000 0.375000
vt 0.625000 0.425564
vt 0.625000 0.321221
vt 0.625000 0.324544
vt 0.625000 0.375000
vt 0.625000 0.429009
vt 0.625000 0.321221
vt 0.625000 0.500000
vt 0.625000 0.435059
vt 0.625000 0.473958
vt 0.625000 0.314941
vt 0.625000 0.276150
vt 0.625000 0.283854
vt 0.625000 0.278537
vt 0.625000 0.312500
vt 0.625000 0.437500
vt 0.625054 0.474013
vt 0.625000 0.467014
vt 0.625000 0.928548
vt 0.625000 0.875000
vt 0.625000 0.875000
vt 0.625000 0.925347
vt 0.625000 0.821208
vt 0.625000 0.824436
vt 0.625000 0.875000
vt 0.625000 0.928765
vt 0.625000 0.820991
vt 0.625000 0.935004
vt 0.625000 0.971300
vt 0.625000 0.875000
vt 0.625000 0.814942
vt 0.625000 0.776042
vt 0.625000 0.782986
vt 0.625054 0.775987
vt 0.625000 0.812500
vt 0.625000 0.937500
vt 0.625000 0.971354
vt 0.625000 0.965278
vt 0.615655 0.937500
vt 0.609918 0.875000
vt 0.620660 0.875000
vt 0.622504 0.937500
vt 0.607734 0.812500
vt 0.619900 0.812500
vt 0.624457 0.875000
vt 0.624688 0.937283
vt 0.624362 0.812717
vt 0.625000 1.000000
vt 0.586806 0.875000
vt 0.583767 0.812500
vt 0.583333 0.750000
vt 0.607422 0.750000
vt 0.619792 0.750000
vt 0.624349 0.750000
vt 0.607422 0.437500
vt 0.607422 0.375000
vt 0.619792 0.375000
vt 0.619792 0.437500
vt 0.607422 0.312500
vt 0.619792 0.312500
vt 0.624349 0.375000
vt 0.624349 0.437283
vt 0.624349 0.312717
vt 0.583333 0.437500
vt 0.607422 0.500000
vt 0.583333 0.375000
vt 0.583333 0.312500
vt 0.607422 0.250000
vt 0.619792 0.250000
vt 0.624349 0.250000
vt 0.624349 0.500000
vt 0.619792 0.500000
vt 0.607422 0.687500
vt 0.607422 0.625000
vt 0.619792 0.625000
vt 0.619792 0.687500
vt 0.607422 0.562500
vt 0.619792 0.562500
vt 0.624349 0.625000
vt 0.624349 0.687283
vt 0.624349 0.562717
vt 0.583333 0.687500
vt 0.583333 0.625000
vt 0.583333 0.562500
vt 0.625000 0.564941
vt 0.625000 0.625000
vt 0.625000 0.685059
vt 0.607734 0.187500
vt 0.609918 0.125000
vt 0.620660 0.125000
vt 0.619900 0.187500
vt 0.615655 0.062500
vt 0.622504 0.062500
vt 0.624457 0.124892
vt 0.624363 0.187269
vt 0.624688 0.062486
vt 0.583767 0.187500
vt 0.586806 0.125000
vt 0.625000 0.000000
vt 0.625000 0.062392
vt 0.625000 0.124132
vt 0.625000 0.184950
vt 0.625000 0.249040
vt 0.625000 0.244273
vt 0.625000 0.240644
vt 0.625000 0.246877
vt 0.625000 0.231867
vt 0.625000 0.227985
vt 0.625000 0.230372
vt 0.625000 0.240087
vt 0.625000 0.217569
vt 0.625000 0.207887
vt 0.625000 0.204765
vt 0.625000 0.197063
vt 0.625000 0.187500
vt 0.625000 0.197497
vt 0.625000 0.208237
vt 0.625000 0.220474
vt 0.625000 0.670327
vt 0.625000 0.625000
vt 0.625000 0.625000
vt 0.625000 0.668608
vt 0.625000 0.579673
vt 0.625000 0.581392
vt 0.625000 0.664765
vt 0.625000 0.585235
vt 0.625000 0.670573
vt 0.625000 0.707887
vt 0.625000 0.579427
vt 0.625000 0.541667
vt 0.625000 0.542113
vt 0.625000 0.545235
vt 0.625000 0.552937
vt 0.625000 0.562500
vt 0.625000 0.587919
vt 0.625000 0.662081
vt 0.625000 0.697063
vt 0.625000 0.687500
vt 0.625000 0.704765
vt 0.625000 0.678480
vt 0.625000 0.625000
vt 0.625000 0.673069
vt 0.625000 0.571520
vt 0.625000 0.576931
vt 0.625000 0.625000
vt 0.625000 0.670885
vt 0.625000 0.579115
vt 0.625000 0.526584
vt 0.625000 0.537326
vt 0.625000 0.541124
vt 0.634264 0.571520
vt 0.637587 0.625000
vt 0.628472 0.625000
vt 0.627496 0.576931
vt 0.634264 0.678480
vt 0.627496 0.673069
vt 0.625434 0.625000
vt 0.625312 0.579115
vt 0.625312 0.670885
vt 0.627604 0.526584
vt 0.659722 0.625000
vt 0.625109 0.541124
vt 0.625868 0.537326
vt 0.625000 0.500638
vt 0.625000 0.492622
vt 0.625000 0.505208
vt 0.625000 0.513129
vt 0.625231 0.500638
vt 0.625109 0.513129
vt 0.625000 0.509766
vt 0.625000 0.517592
vt 0.625014 0.517592
vt 0.625000 0.473958
vt 0.625054 0.474013
vt 0.625000 0.518229
vt 0.625000 0.510417
vt 0.625000 0.518229
vt 0.625000 0.178155
vt 0.625000 0.122396
vt 0.625000 0.120660
vt 0.625000 0.172526
vt 0.625000 0.062174
vt 0.625000 0.061957
vt 0.625000 0.119900
vt 0.625000 0.170247
vt 0.625000 0.061863
vt 0.625000 0.061849
vt 0.625000 0.119792
vt 0.625000 0.169922
vt 0.625000 0.990967
vt 0.625000 0.987413
vt 0.625000 0.996528
vt 0.625000 0.997613
vt 0.625000 0.997613
vt 0.625000 0.999566
vt 0.625000 0.999702
vt 0.625000 0.971300
vt 0.625000 0.965278
vt 0.625000 1.000000
vt 0.865967 0.687500
vt 0.862413 0.625000
vt 0.871528 0.625000
vt 0.872613 0.687500
vt 0.865967 0.562500
vt 0.872613 0.562500
vt 0.874566 0.625000
vt 0.874702 0.687500
vt 0.874702 0.562500
vt 0.846354 0.687500
vt 0.875000 0.750000
vt 0.840278 0.625000
vt 0.846354 0.562500
vt 0.875000 0.500000
vt 0.875000 0.562500
vt 0.875000 0.625000
vt 0.875000 0.687500
vt 0.625000 0.164184
vt 0.625000 0.117959
vt 0.625000 0.119985
vt 0.625000 0.170368
vt 0.625000 0.061620
vt 0.625000 0.061873
vt 0.625000 0.122420
vt 0.625000 0.177899
vt 0.625000 0.062177
vt 0.625000 0.161093
vt 0.625000 0.117091
vt 0.625000 0.061511
vt 0.625000 0.062500
vt 0.625000 0.125000
vt 0.625000 0.187500
vt 0.625000 0.220474
vt 0.625000 0.208237
vt 0.625000 0.664520
vt 0.625000 0.666643
vt 0.625000 0.585480
vt 0.625000 0.583357
vt 0.625000 0.585480
vt 0.625000 0.696617
vt 0.625000 0.553383
vt 0.625000 0.548804
vt 0.625000 0.553383
vt 0.625000 0.587919
vt 0.625000 0.696617
vt 0.625000 0.687500
vt 0.625000 0.701196
vt 0.625000 0.625000
vt 0.625000 0.585235
vt 0.625000 0.664765
vt 0.625000 0.704765
vt 0.625000 0.697063
vt 0.625000 0.662081
vt 0.625000 0.552937
vt 0.625000 0.545235
vt 0.625000 0.169666
vt 0.625000 0.119707
vt 0.625000 0.119117
vt 0.625000 0.167872
vt 0.625000 0.061838
vt 0.625000 0.061765
vt 0.625000 0.117851
vt 0.625000 0.163872
vt 0.625000 0.061606
vt 0.625000 0.731206
vt 0.625000 0.738981
vt 0.625000 0.734761
vt 0.625000 0.727250
vt 0.625000 0.731206
vt 0.625000 0.723332
vt 0.625000 0.716689
vt 0.625000 0.716689
vt 0.625000 0.696617
vt 0.625000 0.696617
vt 0.625000 0.518794
vt 0.625000 0.511020
vt 0.625000 0.515239
vt 0.625000 0.522750
vt 0.625000 0.518794
vt 0.625000 0.526669
vt 0.625000 0.533311
vt 0.625000 0.533311
vt 0.625000 0.553383
vt 0.875000 0.625000
vt 0.875000 0.750000
vt 0.250149 0.687500
vt 0.250217 0.625000
vt 0.251736 0.625000
vt 0.251194 0.687500
vt 0.250149 0.562500
vt 0.251194 0.562500
vt 0.256293 0.625000
vt 0.254517 0.687500
vt 0.254517 0.562500
vt 0.250000 0.750000
vt 0.250000 0.687500
vt 0.250000 0.750000
vt 0.250000 0.625000
vt 0.250000 0.562500
vt 0.250000 0.500000
vt 0.250000 0.500000
vt 0.264323 0.562500
vt 0.267361 0.625000
vt 0.264323 0.687500
vt 0.392232 0.812039
vt 0.389946 0.874967
vt 0.378125 0.874766
vt 0.379963 0.807964
vt 0.384311 0.937822
vt 0.377359 0.940932
vt 0.389946 0.874967
vt 0.375278 0.950090
vt 0.375297 0.905728
vt 0.377359 0.940932
vt 0.375061 0.874878
vt 0.375352 0.843256
vt 0.375297 0.905728
vt 0.375603 0.796567
vt 0.379963 0.807964
vt 0.375352 0.843256
vt 0.416667 0.750000
vt 0.392578 0.749675
vt 0.413194 0.875000
vt 0.380208 0.747396
vt 0.375000 1.000000
vt 0.404080 0.937500
vt 0.413194 0.875000
vt 0.375000 0.959039
vt 0.375000 0.922309
vt 0.375000 0.875000
vt 0.375000 0.856364
vt 0.375000 0.893419
vt 0.375000 0.825955
vt 0.375000 0.922309
vt 0.375000 0.736111
vt 0.375651 0.742079
vt 0.375000 0.785102
vt 0.380208 0.747396
vt 0.375000 0.825955
vt 0.384345 0.062495
vt 0.390083 0.124959
vt 0.379340 0.124674
vt 0.377496 0.062459
vt 0.392266 0.187363
vt 0.380100 0.186401
vt 0.375543 0.124010
vt 0.375312 0.062376
vt 0.375638 0.184158
vt 0.404080 0.062500
vt 0.375000 0.000000
vt 0.413194 0.125000
vt 0.416233 0.187500
vt 0.392578 0.249675
vt 0.380208 0.247396
vt 0.375651 0.242079
vt 0.375000 0.181641
vt 0.375000 0.123264
vt 0.375000 0.062283
vt 0.392578 0.562632
vt 0.392578 0.625000
vt 0.380208 0.625000
vt 0.380208 0.563558
vt 0.392578 0.687368
vt 0.380208 0.686442
vt 0.375651 0.625000
vt 0.375651 0.565718
vt 0.375651 0.684282
vt 0.416667 0.562500
vt 0.392578 0.500326
vt 0.416667 0.625000
vt 0.416667 0.687500
vt 0.392578 0.749675
vt 0.375651 0.742079
vt 0.375000 0.736111
vt 0.375000 0.681858
vt 0.375000 0.625000
vt 0.375000 0.568142
vt 0.375651 0.507921
vt 0.375000 0.569773
vt 0.375000 0.625000
vt 0.375000 0.570611
vt 0.375000 0.680227
vt 0.375000 0.679389
vt 0.375000 0.570920
vt 0.375000 0.679081
vt 0.375000 0.517904
vt 0.375000 0.732096
vt 0.375000 0.730035
vt 0.375000 0.729275
vt 0.375000 0.729167
vt 0.375000 0.679036
vt 0.375000 0.570964
vt 0.375000 0.520725
vt 0.375000 0.520833
vt 0.375000 0.519965
vt 0.375000 0.402156
vt 0.375000 0.433716
vt 0.375000 0.438260
vt 0.375000 0.405368
vt 0.375000 0.472254
vt 0.375000 0.475979
vt 0.375000 0.439874
vt 0.375000 0.406425
vt 0.375000 0.477344
vt 0.375000 0.393636
vt 0.375000 0.375000
vt 0.375000 0.424045
vt 0.375000 0.464898
vt 0.375000 0.477539
vt 0.375000 0.440104
vt 0.375000 0.406576
vt 0.375000 0.375000
vt 0.375000 0.375000
vt 0.375000 0.375000
vt 0.250000 0.562500
vt 0.250000 0.625000
vt 0.250000 0.687500
vt 0.250000 0.562500
vt 0.250000 0.625000
vt 0.250000 0.687500
vt 0.250000 0.750000
vt 0.250000 0.562500
vt 0.375000 0.777746
vt 0.375000 0.816284
vt 0.375000 0.811740
vt 0.375000 0.774021
vt 0.375000 0.847844
vt 0.375000 0.844632
vt 0.375000 0.810126
vt 0.375000 0.772656
vt 0.375000 0.843575
vt 0.375000 0.785102
vt 0.375000 0.825955
vt 0.375000 0.856364
vt 0.375000 0.875000
vt 0.375000 0.875000
vt 0.375000 0.875000
vt 0.375000 0.843424
vt 0.375000 0.809896
vt 0.375000 0.772461
vt 0.375000 0.277902
vt 0.375000 0.316338
vt 0.375000 0.312174
vt 0.375000 0.275269
vt 0.375000 0.347851
vt 0.375000 0.344686
vt 0.375000 0.311428
vt 0.375000 0.276657
vt 0.375000 0.343738
vt 0.375000 0.285102
vt 0.375000 0.232313
vt 0.375000 0.325955
vt 0.375000 0.356364
vt 0.375000 0.343696
vt 0.375000 0.312066
vt 0.375000 0.279948
vt 0.375000 0.235541
vt 0.375000 0.250000
vt 0.375000 0.231771
vt 0.375000 0.901876
vt 0.375000 0.931478
vt 0.375000 0.935764
vt 0.375000 0.905057
vt 0.375000 0.964701
vt 0.375000 0.967557
vt 0.375000 0.937283
vt 0.375000 0.906101
vt 0.375000 0.968601
vt 0.375000 0.893419
vt 0.375000 0.959039
vt 0.375000 0.968750
vt 0.375000 0.937500
vt 0.375000 0.906250
vt 0.375000 0.062227
vt 0.375000 0.122816
vt 0.375000 0.122938
vt 0.375000 0.062242
vt 0.375000 0.180103
vt 0.375000 0.180325
vt 0.375000 0.123766
vt 0.375000 0.062346
vt 0.375000 0.182873
vt 0.375000 0.187500
vt 0.375000 0.125000
vt 0.375000 0.062500
vt 0.375000 0.000000
vt 0.156250 0.562500
vt 0.187500 0.562500
vt 0.187500 0.625000
vt 0.156250 0.625000
vt 0.218750 0.562500
vt 0.218750 0.625000
vt 0.187500 0.687500
vt 0.156250 0.687500
vt 0.218750 0.687500
vt 0.125000 0.500000
vt 0.156250 0.500000
vt 0.125000 0.562500
vt 0.187500 0.500000
vt 0.218750 0.500000
vt 0.218750 0.750000
vt 0.187500 0.750000
vt 0.156250 0.750000
vt 0.125000 0.687500
vt 0.125000 0.750000
vt 0.125000 0.625000
vt 0.375000 0.062500
vt 0.375000 0.062500
vt 0.375000 0.000000
vt 0.375000 0.062500
vt 0.375000 0.125000
vt 0.375000 0.250000
vt 0.375000 0.250000
vt 0.375000 0.906250
vt 0.375000 0.937500
vt 0.375000 0.968750
vt 0.375000 0.875000
vt 0.375000 0.906250
vt 0.375000 0.937500
vt 0.375000 0.968750
vt 0.375000 1.000000
vt 0.375000 0.968750
vt 0.375000 0.937500
vt 0.375000 0.906250
vt 0.375000 0.875000
vt 0.375000 0.875000
vt 0.375000 0.281250
vt 0.375000 0.312500
vt 0.375000 0.312500
vt 0.375000 0.343750
vt 0.375000 0.343750
vt 0.375000 0.312500
vt 0.375000 0.343750
vt 0.375000 0.375000
vt 0.375000 0.312500
vt 0.285767 0.562500
vt 0.313694 0.562500
vt 0.314236 0.625000
vt 0.287543 0.625000
vt 0.343899 0.562500
vt 0.343967 0.625000
vt 0.313694 0.687500
vt 0.285767 0.687500
vt 0.343899 0.687500
vt 0.281250 0.500000
vt 0.312500 0.500000
vt 0.343750 0.500000
vt 0.375000 0.500000
vt 0.375000 0.562500
vt 0.375000 0.687500
vt 0.375000 0.750000
vt 0.343750 0.750000
vt 0.312500 0.750000
vt 0.281250 0.750000
vt 0.267361 0.625000
vt 0.375000 0.406257
vt 0.375000 0.437554
vt 0.375000 0.437500
vt 0.375000 0.406250
vt 0.375000 0.468865
vt 0.375000 0.468750
vt 0.375000 0.468750
vt 0.375000 0.406304
vt 0.375000 0.437934
vt 0.375000 0.470052
vt 0.375000 0.500000
vt 0.375000 0.500000
vt 0.375000 0.406250
vt 0.375000 0.562351
vt 0.375000 0.623806
vt 0.375000 0.623264
vt 0.375000 0.562283
vt 0.375000 0.682983
vt 0.375000 0.681207
vt 0.375000 0.562351
vt 0.375000 0.682983
vt 0.375000 0.625000
vt 0.375000 0.687500
vt 0.375000 0.750000
vt 0.375000 0.735677
vt 0.375000 0.732639
vt 0.375000 0.735677
vt 0.375000 0.750000
vt 0.375000 0.776733
vt 0.375000 0.811306
vt 0.375000 0.810764
vt 0.375000 0.774957
vt 0.375000 0.843601
vt 0.375000 0.843533
vt 0.375000 0.811307
vt 0.375000 0.776733
vt 0.375000 0.843601
vt 0.375000 0.781250
vt 0.375000 0.812500
vt 0.375000 0.843750
vt 0.375000 0.812500
vt 0.375000 0.781250
vt 0.375000 0.281135
vt 0.375000 0.312446
vt 0.375000 0.343743
vt 0.375000 0.343750
vt 0.375000 0.312500
vt 0.375000 0.343750
vt 0.375000 0.906250
vt 0.375000 0.968750
vt 0.375000 0.937500
vt 0.375000 0.906250
vt 0.375000 0.968750
vt 0.250000 0.625000
vt 0.250000 0.687500
vt 0.375000 0.772617
vt 0.375000 0.809950
vt 0.375000 0.810330
vt 0.375000 0.773709
vt 0.375000 0.843431
vt 0.375000 0.843479
vt 0.375000 0.811252
vt 0.375000 0.776577
vt 0.375000 0.843594
vt 0.375000 0.729384
vt 0.375000 0.735460
vt 0.375000 0.730903
vt 0.375000 0.570814
vt 0.375000 0.625000
vt 0.375000 0.625000
vt 0.375000 0.569770
vt 0.375000 0.679186
vt 0.375000 0.680230
vt 0.375000 0.567017
vt 0.375000 0.682983
vt 0.375000 0.520616
vt 0.375000 0.514567
vt 0.375000 0.519097
vt 0.375000 0.406569
vt 0.375000 0.440050
vt 0.375000 0.439670
vt 0.375000 0.406521
vt 0.375000 0.477383
vt 0.375000 0.476291
vt 0.375000 0.438802
vt 0.375000 0.406413
vt 0.375000 0.473538
vt 0.000000 0.000000
s 0
usemtl Material
f 450/1/1 451/2/1 454/3/1 453/4/1
f 451/2/2 452/5/2 455/6/2 454/3/2
f 453/4/3 454/3/3 457/7/3 456/8/3
f 454/3/4 455/6/4 458/9/4 457/7/4
f 12/10/5 132/11/5 450/1/5 188/12/5
f 132/11/6 133/13/6 451/2/6 450/1/6
f 133/13/7 134/14/7 452/5/7 451/2/7
f 134/14/8 14/12/8 183/15/8 452/5/8
f 452/5/9 183/15/9 184/16/9 455/6/9
f 455/6/10 184/16/10 185/17/10 458/9/10
f 458/9/11 185/17/11 23/18/11 167/19/11
f 457/7/12 458/9/12 167/19/12 166/20/12
f 456/8/13 457/7/13 166/20/13 165/21/13
f 186/12/14 456/8/14 165/21/14 20/10/14
f 187/12/15 453/4/15 456/8/15 186/12/15
f 188/12/16 450/1/16 453/4/16 187/12/16
f 459/22/17 460/23/17 463/24/17 462/25/17
f 460/23/18 461/26/18 464/27/18 463/24/18
f 462/25/19 463/24/19 466/28/19 465/29/19
f 463/24/20 464/27/20 467/30/20 466/28/20
f 4/31/21 83/32/21 459/22/21 95/33/21
f 83/32/22 82/34/22 460/23/22 459/22/22
f 82/34/23 81/35/23 461/26/23 460/23/23
f 81/35/24 3/36/24 87/37/24 461/26/24
f 461/26/25 87/37/25 88/38/25 464/27/25
f 464/27/26 88/38/26 89/39/26 467/30/26
f 467/30/27 89/39/27 7/40/27 80/41/27
f 466/28/28 467/30/28 80/41/28 79/42/28
f 465/29/29 466/28/29 79/42/29 78/43/29
f 93/44/30 465/29/30 78/43/30 8/45/30
f 94/46/31 462/25/31 465/29/31 93/44/31
f 95/33/32 459/22/32 462/25/32 94/46/32
f 468/47/33 469/48/33 472/49/33 471/50/33
f 469/48/34 470/51/34 473/52/34 472/49/34
f 471/50/35 472/49/35 475/53/35 474/54/35
f 472/49/36 473/52/36 476/55/36 475/53/36
f 8/56/37 78/57/37 468/47/37 71/58/37
f 78/57/38 79/59/38 469/48/38 468/47/38
f 79/59/39 80/60/39 470/51/39 469/48/39
f 80/60/40 7/61/40 96/62/40 470/51/40
f 470/51/41 96/62/41 97/63/41 473/52/41
f 473/52/42 97/63/42 98/64/42 476/55/42
f 476/55/43 98/64/43 5/65/43 84/66/43
f 475/53/44 476/55/44 84/66/44 85/67/44
f 474/54/45 475/53/45 85/67/45 86/68/45
f 69/69/46 474/54/46 86/68/46 6/70/46
f 70/71/47 471/50/47 474/54/47 69/69/47
f 71/58/48 468/47/48 471/50/48 70/71/48
f 478/72/49 479/73/49 477/74/49 487/75/49
f 480/76/50 481/77/50 477/74/50 479/78/50
f 482/79/51 483/80/51 477/74/51 481/81/51
f 484/82/52 485/83/52 477/74/52 483/84/52
f 486/85/53 487/86/53 477/74/53 485/87/53
f 6/88/54 74/89/54 478/72/54 266/90/54
f 74/89/55 73/91/55 479/73/55 478/72/55
f 266/90/56 478/72/56 487/75/56 265/92/56
f 2/93/57 261/94/57 480/76/57 72/95/57
f 261/94/58 262/96/58 481/77/58 480/76/58
f 72/95/59 480/76/59 479/78/59 73/97/59
f 35/98/60 276/99/60 482/79/60 263/100/60
f 276/99/61 277/101/61 483/80/61 482/79/61
f 263/100/62 482/79/62 481/81/62 262/102/62
f 38/103/63 252/104/63 484/82/63 278/105/63
f 252/104/64 253/106/64 485/83/64 484/82/64
f 278/105/65 484/82/65 483/84/65 277/107/65
f 33/108/66 264/109/66 486/85/66 254/110/66
f 264/109/67 265/92/67 487/86/67 486/85/67
f 254/110/68 486/85/68 485/87/68 253/111/68
f 488/112/69 489/113/69 492/114/69 491/115/69
f 489/113/70 490/116/70 493/117/70 492/114/70
f 491/115/71 492/114/71 495/118/71 494/119/71
f 492/114/72 493/117/72 496/120/72 495/118/72
f 2/121/73 77/122/73 488/112/73 104/123/73
f 77/122/74 76/124/74 489/113/74 488/112/74
f 76/124/75 75/125/75 490/116/75 489/113/75
f 75/125/76 1/126/76 90/127/76 490/116/76
f 490/116/77 90/127/77 91/128/77 493/117/77
f 493/117/78 91/128/78 92/129/78 496/120/78
f 496/120/79 92/129/79 3/36/79 81/35/79
f 495/118/80 496/120/80 81/35/80 82/34/80
f 494/119/81 495/118/81 82/34/81 83/32/81
f 102/130/82 494/119/82 83/32/82 4/31/82
f 103/131/83 491/115/83 494/119/83 102/130/83
f 104/123/84 488/112/84 491/115/84 103/131/84
f 497/132/85 498/133/85 501/134/85 500/135/85
f 498/133/86 499/136/86 502/137/86 501/134/86
f 500/135/87 501/134/87 504/138/87 503/139/87
f 501/134/88 502/137/88 505/140/88 504/138/88
f 6/70/89 86/68/89 497/132/89 74/141/89
f 86/68/90 85/67/90 498/133/90 497/132/90
f 85/67/91 84/66/91 499/136/91 498/133/91
f 84/66/92 5/65/92 99/142/92 499/136/92
f 499/136/93 99/142/93 100/143/93 502/137/93
f 502/137/94 100/143/94 101/144/94 505/140/94
f 505/140/95 101/144/95 1/126/95 75/125/95
f 504/138/96 505/140/96 75/125/96 76/124/96
f 503/139/97 504/138/97 76/124/97 77/122/97
f 72/145/98 503/139/98 77/122/98 2/121/98
f 73/97/99 500/135/99 503/139/99 72/145/99
f 74/141/100 497/132/100 500/135/100 73/97/100
f 506/146/101 507/147/101 510/148/101 509/149/101
f 507/147/102 508/150/102 511/151/102 510/148/102
f 509/149/103 510/148/103 513/152/103 512/153/103
f 510/148/104 511/151/104 514/154/104 513/152/104
f 11/155/105 116/156/105 506/146/105 108/157/105
f 116/156/106 115/158/106 507/147/106 506/146/106
f 115/158/107 114/159/107 508/150/107 507/147/107
f 114/159/108 12/160/108 113/161/108 508/150/108
f 508/150/109 113/161/109 112/162/109 511/151/109
f 511/151/110 112/162/110 111/163/110 514/154/110
f 514/154/111 111/163/111 10/164/111 107/165/111
f 513/152/112 514/154/112 107/165/112 106/166/112
f 512/153/113 513/152/113 106/166/113 105/167/113
f 110/168/114 512/153/114 105/167/114 9/169/114
f 109/170/115 509/149/115 512/153/115 110/168/115
f 108/157/116 506/146/116 509/149/116 109/170/116
f 515/171/117 516/172/117 519/173/117 518/174/117
f 516/172/118 517/175/118 520/176/118 519/173/118
f 518/174/119 519/173/119 522/177/119 521/178/119
f 519/173/120 520/176/120 523/179/120 522/177/120
f 9/169/121 138/180/121 515/171/121 182/181/121
f 138/180/122 139/182/122 516/172/122 515/171/122
f 139/182/123 140/183/123 517/175/123 516/172/123
f 140/183/124 16/184/124 177/185/124 517/175/124
f 517/175/125 177/185/125 178/186/125 520/176/125
f 520/176/126 178/186/126 179/187/126 523/179/126
f 523/179/127 179/187/127 24/188/127 170/189/127
f 522/177/128 523/179/128 170/189/128 169/190/128
f 521/178/129 522/177/129 169/190/129 168/189/129
f 180/191/130 521/178/130 168/189/130 18/188/130
f 181/192/131 518/174/131 521/178/131 180/191/131
f 182/181/132 515/171/132 518/174/132 181/192/132
f 524/193/133 525/194/133 528/194/133 527/195/133
f 525/194/134 526/196/134 529/197/134 528/194/134
f 527/195/135 528/194/135 531/198/135 530/199/135
f 528/194/136 529/197/136 532/200/136 531/198/136
f 15/201/137 146/202/137 524/193/137 123/203/137
f 146/202/138 145/194/138 525/194/138 524/193/138
f 145/194/139 144/204/139 526/196/139 525/194/139
f 144/204/140 14/12/140 134/205/140 526/196/140
f 526/196/141 134/205/141 133/206/141 529/197/141
f 529/197/142 133/206/142 132/207/142 532/200/142
f 532/200/143 132/207/143 12/10/143 114/208/143
f 531/198/144 532/200/144 114/208/144 115/194/144
f 530/199/145 531/198/145 115/194/145 116/209/145
f 125/210/146 530/199/146 116/209/146 11/155/146
f 124/211/147 527/195/147 530/199/147 125/210/147
f 123/203/148 524/193/148 527/195/148 124/211/148
f 533/212/149 534/213/149 537/214/149 536/215/149
f 534/213/150 535/216/150 538/217/150 537/214/150
f 536/215/151 537/214/151 540/218/151 539/219/151
f 537/214/152 538/217/152 541/220/152 540/218/152
f 13/40/153 143/221/153 533/212/153 117/222/153
f 143/221/154 142/223/154 534/213/154 533/212/154
f 142/223/155 141/224/155 535/216/155 534/213/155
f 141/224/156 16/184/156 140/225/156 535/216/156
f 535/216/157 140/225/157 139/226/157 538/217/157
f 538/217/158 139/226/158 138/227/158 541/220/158
f 541/220/159 138/227/159 9/169/159 105/228/159
f 540/218/160 541/220/160 105/228/160 106/218/160
f 539/219/161 540/218/161 106/218/161 107/229/161
f 119/230/162 539/219/162 107/229/162 10/40/162
f 118/231/163 536/215/163 539/219/163 119/230/163
f 117/222/164 533/212/164 536/215/164 118/231/164
f 542/232/165 543/233/165 546/234/165 545/235/165
f 543/233/166 544/236/166 547/237/166 546/234/166
f 545/235/167 546/234/167 549/238/167 548/239/167
f 546/234/168 547/237/168 550/240/168 549/238/168
f 7/40/169 89/39/169 542/232/169 129/241/169
f 89/39/170 88/242/170 543/233/170 542/232/170
f 88/242/171 87/243/171 544/236/171 543/233/171
f 87/243/172 3/244/172 128/245/172 544/236/172
f 544/236/173 128/245/173 127/246/173 547/237/173
f 547/237/174 127/246/174 126/247/174 550/240/174
f 550/240/175 126/247/175 16/184/175 141/224/175
f 549/238/176 550/240/176 141/224/176 142/223/176
f 548/239/177 549/238/177 142/223/177 143/221/177
f 131/241/178 548/239/178 143/221/178 13/40/178
f 130/241/179 545/235/179 548/239/179 131/241/179
f 129/241/180 542/232/180 545/235/180 130/241/180
f 551/248/181 552/249/181 555/250/181 554/251/181
f 552/249/182 553/252/182 556/253/182 555/250/182
f 554/251/183 555/250/183 558/254/183 557/255/183
f 555/250/184 556/253/184 559/256/184 558/254/184
f 1/126/185 101/257/185 551/248/185 135/258/185
f 101/257/186 100/259/186 552/249/186 551/248/186
f 100/259/187 99/260/187 553/252/187 552/249/187
f 99/260/188 5/65/188 122/261/188 553/252/188
f 553/252/189 122/261/189 121/262/189 556/253/189
f 556/253/190 121/262/190 120/263/190 559/256/190
f 559/256/191 120/263/191 14/12/191 144/204/191
f 558/254/192 559/256/192 144/204/192 145/194/192
f 557/255/193 558/254/193 145/194/193 146/202/193
f 137/264/194 557/255/194 146/202/194 15/201/194
f 136/265/195 554/251/195 557/255/195 137/264/195
f 135/258/196 551/248/196 554/251/196 136/265/196
f 560/266/197 561/267/197 564/268/197 563/269/197
f 561/267/198 562/270/198 565/271/198 564/268/198
f 563/269/199 564/268/199 567/272/199 566/273/199
f 564/268/200 565/271/200 568/274/200 567/272/200
f 3/244/201 92/275/201 560/266/201 128/245/201
f 92/275/202 91/276/202 561/267/202 560/266/202
f 91/276/203 90/277/203 562/270/203 561/267/203
f 90/277/204 1/126/204 135/258/204 562/270/204
f 562/270/205 135/258/205 136/265/205 565/271/205
f 565/271/206 136/265/206 137/264/206 568/274/206
f 568/274/207 137/264/207 15/201/207 147/278/207
f 567/272/208 568/274/208 147/278/208 148/279/208
f 566/273/209 567/272/209 148/279/209 149/280/209
f 126/247/210 566/273/210 149/280/210 16/184/210
f 127/246/211 563/269/211 566/273/211 126/247/211
f 128/245/212 560/266/212 563/269/212 127/246/212
f 569/281/213 570/282/213 573/283/213 572/284/213
f 570/282/214 571/285/214 574/286/214 573/283/214
f 572/284/215 573/283/215 576/287/215 575/288/215
f 573/283/216 574/286/216 577/289/216 576/287/216
f 5/65/217 98/290/217 569/281/217 122/261/217
f 98/290/218 97/291/218 570/282/218 569/281/218
f 97/291/219 96/62/219 571/285/219 570/282/219
f 96/62/220 7/61/220 129/292/220 571/285/220
f 571/285/221 129/292/221 130/292/221 574/286/221
f 574/286/222 130/292/222 131/292/222 577/289/222
f 577/289/223 131/292/223 13/61/223 150/293/223
f 576/287/224 577/289/224 150/293/224 151/294/224
f 575/288/225 576/287/225 151/294/225 152/295/225
f 120/263/226 575/288/226 152/295/226 14/12/226
f 121/262/227 572/284/227 575/288/227 120/263/227
f 122/261/228 569/281/228 572/284/228 121/262/228
f 578/296/229 579/297/229 582/298/229 581/299/229
f 579/297/230 580/300/230 583/301/230 582/298/230
f 581/299/231 582/298/231 585/302/231 584/303/231
f 582/298/232 583/301/232 586/304/232 585/302/232
f 20/10/233 165/21/233 578/296/233 236/12/233
f 165/21/234 166/20/234 579/297/234 578/296/234
f 166/20/235 167/19/235 580/300/235 579/297/235
f 167/19/236 23/18/236 231/305/236 580/300/236
f 580/300/237 231/305/237 232/306/237 583/301/237
f 583/301/238 232/306/238 233/307/238 586/304/238
f 586/304/239 233/307/239 31/308/239 215/309/239
f 585/302/240 586/304/240 215/309/240 214/310/240
f 584/303/241 585/302/241 214/310/241 213/311/241
f 234/12/242 584/303/242 213/311/242 28/10/242
f 235/12/243 581/299/243 584/303/243 234/12/243
f 236/12/244 578/296/244 581/299/244 235/12/244
f 587/312/245 588/313/245 591/314/245 590/315/245
f 588/313/246 589/316/246 592/317/246 591/314/246
f 590/315/247 591/314/247 594/279/247 593/318/247
f 591/314/248 592/317/248 595/319/248 594/279/248
f 24/188/249 173/320/249 587/312/249 230/321/249
f 173/320/250 172/279/250 588/313/250 587/312/250
f 172/279/251 171/322/251 589/316/251 588/313/251
f 171/322/252 22/323/252 225/324/252 589/316/252
f 589/316/253 225/324/253 226/325/253 592/317/253
f 592/317/254 226/325/254 227/326/254 595/319/254
f 595/319/255 227/326/255 30/327/255 219/328/255
f 594/279/256 595/319/256 219/328/256 220/314/256
f 593/318/257 594/279/257 220/314/257 221/329/257
f 228/330/258 593/318/258 221/329/258 32/331/258
f 229/332/259 590/315/259 593/318/259 228/330/259
f 230/321/260 587/312/260 590/315/260 229/332/260
f 596/333/261 597/334/261 600/279/261 599/335/261
f 597/334/262 598/336/262 601/337/262 600/279/262
f 599/335/263 600/279/263 603/338/263 602/339/263
f 600/279/264 601/337/264 604/340/264 603/338/264
f 16/184/265 149/280/265 596/333/265 177/185/265
f 149/280/266 148/279/266 597/334/266 596/333/266
f 148/279/267 147/278/267 598/336/267 597/334/267
f 147/278/268 15/201/268 189/341/268 598/336/268
f 598/336/269 189/341/269 190/342/269 601/337/269
f 601/337/270 190/342/270 191/343/270 604/340/270
f 604/340/271 191/343/271 22/323/271 171/322/271
f 603/338/272 604/340/272 171/322/272 172/279/272
f 602/339/273 603/338/273 172/279/273 173/320/273
f 179/187/274 602/339/274 173/320/274 24/188/274
f 178/186/275 599/335/275 602/339/275 179/187/275
f 177/185/276 596/333/276 599/335/276 178/186/276
f 605/344/277 606/345/277 609/346/277 608/347/277
f 606/345/278 607/348/278 610/349/278 609/346/278
f 608/347/279 609/346/279 612/350/279 611/351/279
f 609/346/280 610/349/280 613/352/280 612/350/280
f 11/155/281 108/157/281 605/344/281 194/353/281
f 108/157/282 109/354/282 606/345/282 605/344/282
f 109/354/283 110/168/283 607/348/283 606/345/283
f 110/168/284 9/169/284 182/181/284 607/348/284
f 607/348/285 182/181/285 181/192/285 610/349/285
f 610/349/286 181/192/286 180/191/286 613/352/286
f 613/352/287 180/191/287 18/188/287 155/320/287
f 612/350/288 613/352/288 155/320/288 154/279/288
f 611/351/289 612/350/289 154/279/289 153/322/289
f 192/355/290 611/351/290 153/322/290 17/323/290
f 193/356/291 608/347/291 611/351/291 192/355/291
f 194/353/292 605/344/292 608/347/292 193/356/292
f 614/357/293 615/358/293 618/359/293 617/360/293
f 615/358/294 616/361/294 619/362/294 618/359/294
f 617/360/295 618/359/295 621/363/295 620/364/295
f 618/359/296 619/362/296 622/365/296 621/363/296
f 15/201/297 123/366/297 614/357/297 189/341/297
f 123/366/298 124/211/298 615/358/298 614/357/298
f 124/211/299 125/367/299 616/361/299 615/358/299
f 125/367/300 11/155/300 194/353/300 616/361/300
f 616/361/301 194/353/301 193/356/301 619/362/301
f 619/362/302 193/356/302 192/355/302 622/365/302
f 622/365/303 192/355/303 17/323/303 164/368/303
f 621/363/304 622/365/304 164/368/304 163/369/304
f 620/364/305 621/363/305 163/369/305 162/370/305
f 191/343/306 620/364/306 162/370/306 22/323/306
f 190/342/307 617/360/307 620/364/307 191/343/307
f 189/341/308 614/357/308 617/360/308 190/342/308
f 623/371/309 624/372/309 627/373/309 626/374/309
f 624/372/310 625/375/310 628/376/310 627/373/310
f 626/374/311 627/373/311 630/377/311 629/378/311
f 627/373/312 628/376/312 631/379/312 630/377/312
f 14/12/313 152/295/313 623/371/313 183/15/313
f 152/295/314 151/294/314 624/372/314 623/371/314
f 151/294/315 150/293/315 625/375/315 624/372/315
f 150/293/316 13/61/316 195/292/316 625/375/316
f 625/375/317 195/292/317 196/292/317 628/376/317
f 628/376/318 196/292/318 197/292/318 631/379/318
f 631/379/319 197/292/319 21/61/319 174/380/319
f 630/377/320 631/379/320 174/380/320 175/381/320
f 629/378/321 630/377/321 175/381/321 176/382/321
f 185/17/322 629/378/322 176/382/322 23/18/322
f 184/16/323 626/374/323 629/378/323 185/17/323
f 183/15/324 623/371/324 626/374/324 184/16/324
f 632/383/325 633/384/325 636/385/325 635/386/325
f 633/384/326 634/383/326 637/387/326 636/385/326
f 635/386/327 636/385/327 639/388/327 638/389/327
f 636/385/328 637/387/328 640/389/328 639/388/328
f 13/40/329 117/390/329 632/383/329 195/241/329
f 117/390/330 118/391/330 633/384/330 632/383/330
f 118/391/331 119/230/331 634/383/331 633/384/331
f 119/230/332 10/40/332 198/241/332 634/383/332
f 634/383/333 198/241/333 199/241/333 637/387/333
f 637/387/334 199/241/334 200/241/334 640/389/334
f 640/389/335 200/241/335 19/40/335 161/392/335
f 639/388/336 640/389/336 161/392/336 160/392/336
f 638/389/337 639/388/337 160/392/337 159/392/337
f 197/241/338 638/389/338 159/392/338 21/40/338
f 196/241/339 635/386/339 638/389/339 197/241/339
f 195/241/340 632/383/340 635/386/340 196/241/340
f 641/393/341 642/394/341 645/395/341 644/396/341
f 642/394/342 643/397/342 646/398/342 645/395/342
f 644/396/343 645/395/343 648/399/343 647/400/343
f 645/395/344 646/398/344 649/401/344 648/399/344
f 10/164/345 111/402/345 641/393/345 198/403/345
f 111/402/346 112/404/346 642/394/346 641/393/346
f 112/404/347 113/405/347 643/397/347 642/394/347
f 113/405/348 12/160/348 188/406/348 643/397/348
f 643/397/349 188/406/349 187/406/349 646/398/349
f 646/398/350 187/406/350 186/406/350 649/401/350
f 649/401/351 186/406/351 20/160/351 158/407/351
f 648/399/352 649/401/352 158/407/352 157/408/352
f 647/400/353 648/399/353 157/408/353 156/409/353
f 200/403/354 647/400/354 156/409/354 19/164/354
f 199/403/355 644/396/355 647/400/355 200/403/355
f 198/403/356 641/393/356 644/396/356 199/403/356
f 650/410/357 651/411/357 654/412/357 653/413/357
f 651/411/358 652/414/358 655/415/358 654/412/358
f 653/413/359 654/412/359 657/416/359 656/417/359
f 654/412/360 655/415/360 658/418/360 657/416/360
f 31/308/361 224/419/361 650/410/361 215/309/361
f 224/419/362 223/420/362 651/411/362 650/410/362
f 223/420/363 222/421/363 652/414/363 651/411/363
f 222/421/364 29/61/364 207/292/364 652/414/364
f 652/414/365 207/292/365 208/292/365 655/415/365
f 655/415/366 208/292/366 209/292/366 658/418/366
f 658/418/367 209/292/367 27/292/367 204/422/367
f 657/416/368 658/418/368 204/422/368 205/423/368
f 656/417/369 657/416/369 205/423/369 206/424/369
f 213/425/370 656/417/370 206/424/370 28/10/370
f 214/426/371 653/413/371 656/417/371 213/425/371
f 215/309/372 650/410/372 653/413/372 214/426/372
f 659/427/373 660/314/373 663/314/373 662/428/373
f 660/314/374 661/429/374 664/430/374 663/314/374
f 662/428/375 663/314/375 666/279/375 665/427/375
f 663/314/376 664/430/376 667/431/376 666/279/376
f 32/331/377 221/329/377 659/427/377 218/432/377
f 221/329/378 220/314/378 660/314/378 659/427/378
f 220/314/379 219/328/379 661/429/379 660/314/379
f 219/328/380 30/327/380 210/433/380 661/429/380
f 661/429/381 210/433/381 211/434/381 664/430/381
f 664/430/382 211/434/382 212/435/382 667/431/382
f 667/431/383 212/435/383 25/327/383 201/436/383
f 666/279/384 667/431/384 201/436/384 202/314/384
f 665/427/385 666/279/385 202/314/385 203/329/385
f 216/437/386 665/427/386 203/329/386 26/438/386
f 217/439/387 662/428/387 665/427/387 216/437/387
f 218/432/388 659/427/388 662/428/388 217/439/388
f 668/392/389 669/392/389 672/392/389 671/392/389
f 669/392/390 670/392/390 673/392/390 672/392/390
f 671/392/391 672/392/391 675/392/391 674/392/391
f 672/392/392 673/392/392 676/392/392 675/392/392
f 21/40/393 159/392/393 668/392/393 242/241/393
f 159/392/394 160/392/394 669/392/394 668/392/394
f 160/392/395 161/392/395 670/392/395 669/392/395
f 161/392/396 19/40/396 237/241/396 670/392/396
f 670/392/397 237/241/397 238/241/397 673/392/397
f 673/392/398 238/241/398 239/241/398 676/392/398
f 676/392/399 239/241/399 27/241/399 209/241/399
f 675/392/400 676/392/400 209/241/400 208/241/400
f 674/392/401 675/392/401 208/241/401 207/241/401
f 240/241/402 674/392/402 207/241/402 29/241/402
f 241/241/403 671/392/403 674/392/403 240/241/403
f 242/241/404 668/392/404 671/392/404 241/241/404
f 677/316/405 678/440/405 681/334/405 680/317/405
f 678/440/406 679/312/406 682/315/406 681/334/406
f 680/317/407 681/334/407 684/334/407 683/441/407
f 681/334/408 682/315/408 685/442/408 684/334/408
f 17/323/409 153/322/409 677/316/409 248/324/409
f 153/322/410 154/279/410 678/440/410 677/316/410
f 154/279/411 155/320/411 679/312/411 678/440/411
f 155/320/412 18/188/412 243/321/412 679/312/412
f 679/312/413 243/321/413 244/443/413 682/315/413
f 682/315/414 244/443/414 245/444/414 685/442/414
f 685/442/415 245/444/415 26/438/415 203/445/415
f 684/334/416 685/442/416 203/445/416 202/334/416
f 683/441/417 684/334/417 202/334/417 201/328/417
f 246/446/418 683/441/418 201/328/418 25/327/418
f 247/447/419 680/317/419 683/441/419 246/446/419
f 248/324/420 677/316/420 680/317/420 247/447/420
f 686/448/421 687/449/421 690/450/421 689/451/421
f 687/449/422 688/452/422 691/453/422 690/450/422
f 689/451/423 690/450/423 693/454/423 692/455/423
f 690/450/424 691/453/424 694/456/424 693/454/424
f 23/18/425 176/382/425 686/448/425 231/305/425
f 176/382/426 175/381/426 687/449/426 686/448/426
f 175/381/427 174/380/427 688/452/427 687/449/427
f 174/380/428 21/61/428 242/292/428 688/452/428
f 688/452/429 242/292/429 241/292/429 691/453/429
f 691/453/430 241/292/430 240/292/430 694/456/430
f 694/456/431 240/292/431 29/61/431 222/421/431
f 693/454/432 694/456/432 222/421/432 223/420/432
f 692/455/433 693/454/433 223/420/433 224/419/433
f 233/307/434 692/455/434 224/419/434 31/308/434
f 232/306/435 689/451/435 692/455/435 233/307/435
f 231/305/436 686/448/436 689/451/436 232/306/436
f 695/457/437 696/458/437 699/459/437 698/460/437
f 696/458/438 697/461/438 700/460/438 699/459/438
f 698/460/439 699/459/439 702/462/439 701/463/439
f 699/459/440 700/460/440 703/464/440 702/462/440
f 18/188/441 168/189/441 695/457/441 243/321/441
f 168/189/442 169/190/442 696/458/442 695/457/442
f 169/190/443 170/189/443 697/461/443 696/458/443
f 170/189/444 24/188/444 230/321/444 697/461/444
f 697/461/445 230/321/445 229/332/445 700/460/445
f 700/460/446 229/332/446 228/330/446 703/464/446
f 703/464/447 228/330/447 32/331/447 218/465/447
f 702/462/448 703/464/448 218/465/448 217/439/448
f 701/463/449 702/462/449 217/439/449 216/466/449
f 245/444/450 701/463/450 216/466/450 26/438/450
f 244/443/451 698/460/451 701/463/451 245/444/451
f 243/321/452 695/457/452 698/460/452 244/443/452
f 704/467/453 705/468/453 708/469/453 707/470/453
f 705/468/454 706/471/454 709/470/454 708/469/454
f 707/470/455 708/469/455 711/472/455 710/473/455
f 708/469/456 709/470/456 712/474/456 711/472/456
f 22/323/457 162/370/457 704/467/457 225/324/457
f 162/370/458 163/369/458 705/468/458 704/467/458
f 163/369/459 164/368/459 706/471/459 705/468/459
f 164/368/460 17/323/460 248/324/460 706/471/460
f 706/471/461 248/324/461 247/447/461 709/470/461
f 709/470/462 247/447/462 246/446/462 712/474/462
f 712/474/463 246/446/463 25/327/463 212/475/463
f 711/472/464 712/474/464 212/475/464 211/434/464
f 710/473/465 711/472/465 211/434/465 210/475/465
f 227/326/466 710/473/466 210/475/466 30/327/466
f 226/325/467 707/470/467 710/473/467 227/326/467
f 225/324/468 704/467/468 707/470/468 226/325/468
f 713/409/469 714/408/469 717/408/469 716/409/469
f 714/408/470 715/407/470 718/407/470 717/408/470
f 716/409/471 717/408/471 720/408/471 719/409/471
f 717/408/472 718/407/472 721/407/472 720/408/472
f 19/164/473 156/409/473 713/409/473 237/403/473
f 156/409/474 157/408/474 714/408/474 713/409/474
f 157/408/475 158/407/475 715/407/475 714/408/475
f 158/407/476 20/160/476 236/406/476 715/407/476
f 715/407/477 236/406/477 235/406/477 718/407/477
f 718/407/478 235/406/478 234/406/478 721/407/478
f 721/407/479 234/406/479 28/406/479 206/407/479
f 720/408/480 721/407/480 206/407/480 205/476/480
f 719/409/481 720/408/481 205/476/481 204/409/481
f 239/403/482 719/409/482 204/409/482 27/477/482
f 238/403/483 716/409/483 719/409/483 239/403/483
f 237/403/484 713/409/484 716/409/484 238/403/484
f 722/478/485 723/479/485 726/480/485 725/481/485
f 723/479/486 724/482/486 727/483/486 726/480/486
f 725/481/487 726/480/487 729/484/487 728/485/487
f 726/480/488 727/483/488 730/486/488 729/484/488
f 58/487/489 413/488/489 722/478/489 395/489/489
f 413/488/490 412/490/490 723/479/490 722/478/490
f 412/490/491 411/491/491 724/482/491 723/479/491
f 411/491/492 57/492/492 354/493/492 724/482/492
f 724/482/493 354/493/493 355/493/493 727/483/493
f 727/483/494 355/493/494 356/493/494 730/486/494
f 730/486/495 356/493/495 52/492/495 351/494/495
f 729/484/496 730/486/496 351/494/496 352/495/496
f 728/485/497 729/484/497 352/495/497 353/496/497
f 393/489/498 728/485/498 353/496/498 49/487/498
f 394/489/499 725/481/499 728/485/499 393/489/499
f 395/489/500 722/478/500 725/481/500 394/489/500
f 732/497/501 733/498/501 731/499/501 741/500/501
f 734/501/502 735/502/502 731/499/502 733/503/502
f 736/504/503 737/505/503 731/499/503 735/506/503
f 738/507/504 739/508/504 731/499/504 737/509/504
f 740/510/505 741/511/505 731/499/505 739/512/505
f 4/513/506 95/33/506 732/497/506 272/514/506
f 95/33/507 94/515/507 733/498/507 732/497/507
f 272/514/508 732/497/508 741/500/508 271/516/508
f 8/45/509 267/517/509 734/501/509 93/518/509
f 267/517/510 268/517/510 735/502/510 734/501/510
f 93/518/511 734/501/511 733/503/511 94/519/511
f 34/45/512 279/520/512 736/504/512 269/517/512
f 279/520/513 280/521/513 737/505/513 736/504/513
f 269/517/514 736/504/514 735/506/514 268/517/514
f 39/522/515 255/523/515 738/507/515 281/524/515
f 255/523/516 256/525/516 739/508/516 738/507/516
f 281/524/517 738/507/517 737/509/517 280/526/517
f 36/527/518 270/528/518 740/510/518 257/529/518
f 270/528/519 271/530/519 741/511/519 740/510/519
f 257/529/520 740/510/520 739/512/520 256/531/520
f 742/532/521 743/533/521 746/534/521 745/535/521
f 743/533/522 744/536/522 747/537/522 746/534/522
f 745/535/523 746/534/523 749/538/523 748/539/523
f 746/534/524 747/537/524 750/540/524 749/538/524
f 8/56/525 71/541/525 742/532/525 267/542/525
f 71/541/526 70/543/526 743/533/526 742/532/526
f 70/543/527 69/544/527 744/536/527 743/533/527
f 69/544/528 6/70/528 266/545/528 744/536/528
f 744/536/529 266/545/529 265/546/529 747/537/529
f 747/537/530 265/546/530 264/547/530 750/540/530
f 750/540/531 264/547/531 33/108/531 273/548/531
f 749/538/532 750/540/532 273/548/532 274/549/532
f 748/539/533 749/538/533 274/549/533 275/550/533
f 269/542/534 748/539/534 275/550/534 34/56/534
f 268/542/535 745/535/535 748/539/535 269/542/535
f 267/542/536 742/532/536 745/535/536 268/542/536
f 751/551/537 752/552/537 755/553/537 754/554/537
f 752/552/538 753/555/538 756/556/538 755/553/538
f 754/554/539 755/553/539 758/557/539 757/558/539
f 755/553/540 756/556/540 759/559/540 758/557/540
f 2/121/541 104/560/541 751/551/541 261/561/541
f 104/560/542 103/562/542 752/552/542 751/551/542
f 103/562/543 102/563/543 753/555/543 752/552/543
f 102/563/544 4/31/544 272/564/544 753/555/544
f 753/555/545 272/564/545 271/516/545 756/556/545
f 756/556/546 271/516/546 270/565/546 759/559/546
f 759/559/547 270/565/547 36/566/547 282/567/547
f 758/557/548 759/559/548 282/567/548 283/568/548
f 757/558/549 758/557/549 283/568/549 284/569/549
f 263/570/550 757/558/550 284/569/550 35/98/550
f 262/96/551 754/554/551 757/558/551 263/570/551
f 261/561/552 751/551/552 754/554/552 262/96/552
f 760/571/553 761/572/553 764/568/553 763/573/553
f 761/572/554 762/574/554 765/575/554 764/568/554
f 763/573/555 764/568/555 767/572/555 766/576/555
f 764/568/556 765/575/556 768/577/556 767/572/556
f 35/98/557 284/569/557 760/571/557 308/578/557
f 284/569/558 283/568/558 761/572/558 760/571/558
f 283/568/559 282/567/559 762/574/559 761/572/559
f 282/567/560 36/566/560 305/579/560 762/574/560
f 762/574/561 305/579/561 304/580/561 765/575/561
f 765/575/562 304/580/562 303/581/562 768/577/562
f 768/577/563 303/581/563 42/582/563 297/583/563
f 767/572/564 768/577/564 297/583/564 298/568/564
f 766/576/565 767/572/565 298/568/565 299/584/565
f 306/585/566 766/576/566 299/584/566 44/586/566
f 307/587/567 763/573/567 766/576/567 306/585/567
f 308/578/568 760/571/568 763/573/568 307/587/568
f 769/588/569 770/589/569 773/590/569 772/591/569
f 770/589/570 771/592/570 774/593/570 773/590/570
f 772/591/571 773/590/571 776/594/571 775/595/571
f 773/590/572 774/593/572 777/596/572 776/594/572
f 38/103/573 278/597/573 769/588/573 311/598/573
f 278/597/574 277/599/574 770/589/574 769/588/574
f 277/599/575 276/600/575 771/592/575 770/589/575
f 276/600/576 35/98/576 308/578/576 771/592/576
f 771/592/577 308/578/577 307/587/577 774/593/577
f 774/593/578 307/587/578 306/585/578 777/596/578
f 777/596/579 306/585/579 44/586/579 294/601/579
f 776/594/580 777/596/580 294/601/580 295/602/580
f 775/595/581 776/594/581 295/602/581 296/603/581
f 309/604/582 775/595/582 296/603/582 41/605/582
f 310/606/583 772/591/583 775/595/583 309/604/583
f 311/598/584 769/588/584 772/591/584 310/606/584
f 778/607/585 779/608/585 782/490/585 781/491/585
f 779/608/586 780/609/586 783/488/586 782/490/586
f 781/491/587 782/490/587 785/490/587 784/491/587
f 782/490/588 783/488/588 786/488/588 785/490/588
f 54/492/589 389/610/589 778/607/589 371/492/589
f 389/610/590 388/611/590 779/608/590 778/607/590
f 388/611/591 387/612/591 780/609/591 779/608/591
f 387/612/592 53/613/592 330/489/592 780/609/592
f 780/609/593 330/489/593 331/489/593 783/488/593
f 783/488/594 331/489/594 332/489/594 786/488/594
f 786/488/595 332/489/595 48/613/595 329/612/595
f 785/490/596 786/488/596 329/612/596 328/608/596
f 784/491/597 785/490/597 328/608/597 327/614/597
f 369/493/598 784/491/598 327/614/598 47/493/598
f 370/493/599 781/491/599 784/491/599 369/493/599
f 371/492/600 778/607/600 781/491/600 370/493/600
f 787/615/601 788/616/601 791/617/601 790/618/601
f 788/616/602 789/619/602 792/620/602 791/617/602
f 790/618/603 791/617/603 794/621/603 793/622/603
f 791/617/604 792/620/604 795/623/604 794/621/604
f 36/566/605 257/624/605 787/615/605 305/579/605
f 257/624/606 256/625/606 788/616/606 787/615/606
f 256/625/607 255/626/607 789/619/607 788/616/607
f 255/626/608 39/522/608 288/627/608 789/619/608
f 789/619/609 288/627/609 289/628/609 792/620/609
f 792/620/610 289/628/610 290/629/610 795/623/610
f 795/623/611 290/629/611 37/522/611 258/630/611
f 794/621/612 795/623/612 258/630/612 259/631/612
f 793/622/613 794/621/613 259/631/613 260/632/613
f 303/581/614 793/622/614 260/632/614 42/582/614
f 304/580/615 790/618/615 793/622/615 303/581/615
f 305/579/616 787/615/616 790/618/616 304/580/616
f 796/633/617 797/634/617 800/635/617 799/636/617
f 797/634/618 798/637/618 801/638/618 800/635/618
f 799/636/619 800/635/619 803/639/619 802/640/619
f 800/635/620 801/638/620 804/641/620 803/639/620
f 33/108/621 254/642/621 796/633/621 314/643/621
f 254/642/622 253/644/622 797/634/622 796/633/622
f 253/644/623 252/645/623 798/637/623 797/634/623
f 252/645/624 38/103/624 311/598/624 798/637/624
f 798/637/625 311/598/625 310/606/625 801/638/625
f 801/638/626 310/606/626 309/604/626 804/641/626
f 804/641/627 309/604/627 41/605/627 285/646/627
f 803/639/628 804/641/628 285/646/628 286/647/628
f 802/640/629 803/639/629 286/647/629 287/648/629
f 312/649/630 802/640/630 287/648/630 40/650/630
f 313/651/631 799/636/631 802/640/631 312/649/631
f 314/643/632 796/633/632 799/636/632 313/651/632
f 805/652/633 806/653/633 809/654/633 808/655/633
f 806/653/634 807/656/634 810/657/634 809/654/634
f 808/655/635 809/654/635 812/658/635 811/659/635
f 809/654/636 810/657/636 813/660/636 812/658/636
f 39/522/637 281/661/637 805/652/637 288/627/637
f 281/661/638 280/526/638 806/653/638 805/652/638
f 280/526/639 279/662/639 807/656/639 806/653/639
f 279/662/640 34/45/640 315/517/640 807/656/640
f 807/656/641 315/517/641 316/517/641 810/657/641
f 810/657/642 316/517/642 317/517/642 813/660/642
f 813/660/643 317/517/643 43/45/643 291/663/643
f 812/658/644 813/660/644 291/663/644 292/664/644
f 811/659/645 812/658/645 292/664/645 293/665/645
f 290/629/646 811/659/646 293/665/646 37/522/646
f 289/628/647 808/655/647 811/659/647 290/629/647
f 288/627/648 805/652/648 808/655/648 289/628/648
f 814/666/649 815/667/649 818/668/649 817/669/649
f 815/667/650 816/670/650 819/671/650 818/668/650
f 817/669/651 818/668/651 821/672/651 820/673/651
f 818/668/652 819/671/652 822/674/652 821/672/652
f 34/56/653 275/550/653 814/666/653 315/542/653
f 275/550/654 274/549/654 815/667/654 814/666/654
f 274/549/655 273/548/655 816/670/655 815/667/655
f 273/548/656 33/108/656 314/643/656 816/670/656
f 816/670/657 314/643/657 313/651/657 819/671/657
f 819/671/658 313/651/658 312/649/658 822/674/658
f 822/674/659 312/649/659 40/650/659 249/675/659
f 821/672/660 822/674/660 249/675/660 250/676/660
f 820/673/661 821/672/661 250/676/661 251/677/661
f 317/542/662 820/673/662 251/677/662 43/678/662
f 316/542/663 817/669/663 820/673/663 317/542/663
f 315/542/664 814/666/664 817/669/664 316/542/664
f 823/679/665 824/680/665 827/681/665 826/682/665
f 824/680/666 825/683/666 828/684/666 827/681/666
f 826/682/667 827/681/667 830/685/667 829/686/667
f 827/681/668 828/684/668 831/687/668 830/685/668
f 45/688/669 323/689/669 823/679/669 318/690/669
f 323/689/670 322/691/670 824/680/670 823/679/670
f 322/691/671 321/692/671 825/683/671 824/680/671
f 321/692/672 47/493/672 327/614/672 825/683/672
f 825/683/673 327/614/673 328/608/673 828/684/673
f 828/684/674 328/608/674 329/612/674 831/687/674
f 831/687/675 329/612/675 48/613/675 326/693/675
f 830/685/676 831/687/676 326/693/676 325/694/676
f 829/686/677 830/685/677 325/694/677 324/695/677
f 320/696/678 829/686/678 324/695/678 46/697/678
f 319/698/679 826/682/679 829/686/679 320/696/679
f 318/690/680 823/679/680 826/682/680 319/698/680
f 832/699/681 833/676/681 836/676/681 835/700/681
f 833/676/682 834/675/682 837/675/682 836/676/682
f 835/700/683 836/676/683 839/676/683 838/700/683
f 836/676/684 837/675/684 840/675/684 839/676/684
f 56/701/685 386/702/685 832/699/685 377/678/685
f 386/702/686 385/703/686 833/676/686 832/699/686
f 385/703/687 384/675/687 834/675/687 833/676/687
f 384/675/688 55/704/688 336/705/688 834/675/688
f 834/675/689 336/705/689 337/705/689 837/675/689
f 837/675/690 337/705/690 338/705/690 840/675/690
f 840/675/691 338/705/691 45/704/691 318/675/691
f 839/676/692 840/675/692 318/675/692 319/676/692
f 838/700/693 839/676/693 319/676/693 320/677/693
f 375/542/694 838/700/694 320/677/694 46/678/694
f 376/678/695 835/700/695 838/700/695 375/542/695
f 377/678/696 832/699/696 835/700/696 376/678/696
f 841/706/697 842/707/697 845/664/697 844/665/697
f 842/707/698 843/708/698 846/663/698 845/664/698
f 844/665/699 845/664/699 848/664/699 847/665/699
f 845/664/700 846/663/700 849/663/700 848/664/700
f 53/709/701 383/710/701 841/706/701 330/709/701
f 383/710/702 382/711/702 842/707/702 841/706/702
f 382/711/703 381/712/703 843/708/703 842/707/703
f 381/712/704 56/45/704 377/45/704 843/708/704
f 843/708/705 377/45/705 376/517/705 846/663/705
f 846/663/706 376/517/706 375/517/706 849/663/706
f 849/663/707 375/517/707 46/713/707 324/714/707
f 848/664/708 849/663/708 324/714/708 325/715/708
f 847/665/709 848/664/709 325/715/709 326/716/709
f 332/717/710 847/665/710 326/716/710 48/718/710
f 331/717/711 844/665/711 847/665/711 332/717/711
f 330/709/712 841/706/712 844/665/712 331/717/712
f 850/719/713 851/720/713 854/721/713 853/719/713
f 851/720/714 852/722/714 855/723/714 854/721/714
f 853/719/715 854/721/715 857/721/715 856/719/715
f 854/721/716 855/723/716 858/723/716 857/721/716
f 55/704/717 380/719/717 850/719/717 336/705/717
f 380/719/718 379/724/718 851/720/718 850/719/718
f 379/724/719 378/725/719 852/722/719 851/720/719
f 378/725/720 54/605/720 371/605/720 852/722/720
f 852/722/721 371/605/721 370/604/721 855/723/721
f 855/723/722 370/604/722 369/604/722 858/723/722
f 858/723/723 369/604/723 47/726/723 321/723/723
f 857/721/724 858/723/724 321/723/724 322/727/724
f 856/719/725 857/721/725 322/727/725 323/719/725
f 338/705/726 856/719/726 323/719/726 45/704/726
f 337/705/727 853/719/727 856/719/727 338/705/727
f 336/705/728 850/719/728 853/719/728 337/705/728
f 859/728/729 860/729/729 863/730/729 862/731/729
f 860/729/730 861/732/730 864/733/730 863/730/730
f 862/731/731 863/730/731 866/734/731 865/735/731
f 863/730/732 864/733/732 867/736/732 866/734/732
f 52/492/733 347/737/733 859/728/733 351/494/733
f 347/737/734 346/738/734 860/729/734 859/728/734
f 346/738/735 345/739/735 861/732/735 860/729/735
f 345/739/736 51/740/736 350/741/736 861/732/736
f 861/732/737 350/741/737 349/568/737 864/733/737
f 864/733/738 349/568/738 348/742/738 867/736/738
f 867/736/739 348/742/739 50/743/739 344/744/739
f 866/734/740 867/736/740 344/744/740 343/745/740
f 865/735/741 866/734/741 343/745/741 342/746/741
f 353/496/742 865/735/742 342/746/742 49/487/742
f 352/747/743 862/731/743 865/735/743 353/496/743
f 351/494/744 859/728/744 862/731/744 352/747/744
f 868/748/745 869/749/745 872/750/745 871/751/745
f 869/749/746 870/752/746 873/753/746 872/750/746
f 871/751/747 872/750/747 875/750/747 874/751/747
f 872/750/748 873/753/748 876/754/748 875/750/748
f 57/605/749 410/755/749 868/748/749 354/604/749
f 410/755/750 409/756/750 869/749/750 868/748/750
f 409/756/751 408/757/751 870/752/751 869/749/751
f 408/757/752 59/758/752 360/759/752 870/752/752
f 870/752/753 360/759/753 361/759/753 873/753/753
f 873/753/754 361/759/754 362/759/754 876/754/754
f 876/754/755 362/759/755 51/740/755 345/753/755
f 875/750/756 876/754/756 345/753/756 346/750/756
f 874/751/757 875/750/757 346/750/757 347/760/757
f 356/604/758 874/751/758 347/760/758 52/726/758
f 355/604/759 871/751/759 874/751/759 356/604/759
f 354/604/760 868/748/760 871/751/760 355/604/760
f 877/761/761 878/762/761 881/763/761 880/764/761
f 878/762/762 879/765/762 882/766/762 881/763/762
f 880/764/763 881/763/763 884/762/763 883/767/763
f 881/763/764 882/766/764 885/768/764 884/762/764
f 59/740/765 407/741/765 877/761/765 360/759/765
f 407/741/766 406/769/766 878/762/766 877/761/766
f 406/769/767 405/770/767 879/765/767 878/762/767
f 405/770/768 60/771/768 363/772/768 879/765/768
f 879/765/769 363/772/769 364/773/769 882/766/769
f 882/766/770 364/773/770 365/774/770 885/768/770
f 885/768/771 365/774/771 50/775/771 348/742/771
f 884/762/772 885/768/772 348/742/772 349/568/772
f 883/767/773 884/762/773 349/568/773 350/741/773
f 362/759/774 883/767/774 350/741/774 51/740/774
f 361/759/775 880/764/775 883/767/775 362/759/775
f 360/759/776 877/761/776 880/764/776 361/759/776
f 886/776/777 887/777/777 890/778/777 889/779/777
f 887/777/778 888/780/778 891/781/778 890/778/778
f 889/779/779 890/778/779 893/782/779 892/783/779
f 890/778/780 891/781/780 894/784/780 893/782/780
f 60/771/781 404/785/781 886/776/781 363/772/781
f 404/785/782 403/786/782 887/777/782 886/776/782
f 403/786/783 402/787/783 888/780/783 887/777/783
f 402/787/784 58/718/784 395/717/784 888/780/784
f 888/780/785 395/717/785 394/717/785 891/781/785
f 891/781/786 394/717/786 393/717/786 894/784/786
f 894/784/787 393/717/787 49/718/787 342/787/787
f 893/782/788 894/784/788 342/787/788 343/788/788
f 892/783/789 893/782/789 343/788/789 344/789/789
f 365/774/790 892/783/790 344/789/790 50/775/790
f 364/773/791 889/779/791 892/783/791 365/774/791
f 363/772/792 886/776/792 889/779/792 364/773/792
f 895/790/793 896/791/793 899/724/793 898/719/793
f 896/791/794 897/792/794 900/793/794 899/724/794
f 898/719/795 899/724/795 902/794/795 901/719/795
f 899/724/796 900/793/796 903/795/796 902/794/796
f 40/650/797 287/648/797 895/790/797 372/705/797
f 287/648/798 286/647/798 896/791/798 895/790/798
f 286/647/799 285/646/799 897/792/799 896/791/799
f 285/646/800 41/605/800 335/604/800 897/792/800
f 897/792/801 335/604/801 334/604/801 900/793/801
f 900/793/802 334/604/802 333/605/802 903/795/802
f 903/795/803 333/605/803 54/605/803 378/725/803
f 902/794/804 903/795/804 378/725/804 379/724/804
f 901/719/805 902/794/805 379/724/805 380/719/805
f 374/705/806 901/719/806 380/719/806 55/704/806
f 373/705/807 898/719/807 901/719/807 374/705/807
f 372/705/808 895/790/808 898/719/808 373/705/808
f 904/665/809 905/664/809 908/715/809 907/796/809
f 905/664/810 906/663/810 909/797/810 908/715/810
f 907/796/811 908/715/811 911/798/811 910/799/811
f 908/715/812 909/797/812 912/800/812 911/798/812
f 37/522/813 293/665/813 904/665/813 366/717/813
f 293/665/814 292/664/814 905/664/814 904/665/814
f 292/664/815 291/663/815 906/663/815 905/664/815
f 291/663/816 43/45/816 341/517/816 906/663/816
f 906/663/817 341/517/817 340/517/817 909/797/817
f 909/797/818 340/517/818 339/45/818 912/800/818
f 912/800/819 339/45/819 56/45/819 381/712/819
f 911/798/820 912/800/820 381/712/820 382/711/820
f 910/799/821 911/798/821 382/711/821 383/710/821
f 368/522/822 910/799/822 383/710/822 53/709/822
f 367/717/823 907/796/823 910/799/823 368/522/823
f 366/717/824 904/665/824 907/796/824 367/717/824
f 913/700/825 914/676/825 917/676/825 916/702/825
f 914/676/826 915/675/826 918/675/826 917/676/826
f 916/702/827 917/676/827 920/676/827 919/700/827
f 917/676/828 918/675/828 921/675/828 920/676/828
f 43/678/829 251/677/829 913/700/829 341/542/829
f 251/677/830 250/676/830 914/676/830 913/700/830
f 250/676/831 249/675/831 915/675/831 914/676/831
f 249/675/832 40/704/832 372/705/832 915/675/832
f 915/675/833 372/705/833 373/705/833 918/675/833
f 918/675/834 373/705/834 374/705/834 921/675/834
f 921/675/835 374/705/835 55/704/835 384/675/835
f 920/676/836 921/675/836 384/675/836 385/703/836
f 919/700/837 920/676/837 385/703/837 386/702/837
f 339/678/838 919/700/838 386/702/838 56/701/838
f 340/678/839 916/702/839 919/700/839 339/678/839
f 341/542/840 913/700/840 916/702/840 340/678/840
f 922/491/841 923/490/841 926/801/841 925/614/841
f 923/490/842 924/488/842 927/802/842 926/801/842
f 925/614/843 926/801/843 929/611/843 928/610/843
f 926/801/844 927/802/844 930/609/844 929/611/844
f 41/492/845 300/491/845 922/491/845 335/493/845
f 300/491/846 301/490/846 923/490/846 922/491/846
f 301/490/847 302/488/847 924/488/847 923/490/847
f 302/488/848 37/487/848 366/489/848 924/488/848
f 924/488/849 366/489/849 367/489/849 927/802/849
f 927/802/850 367/489/850 368/489/850 930/609/850
f 930/609/851 368/489/851 53/613/851 387/612/851
f 929/611/852 930/609/852 387/612/852 388/611/852
f 928/610/853 929/611/853 388/611/853 389/610/853
f 333/492/854 928/610/854 389/610/854 54/492/854
f 334/493/855 925/614/855 928/610/855 333/492/855
f 335/493/856 922/491/856 925/614/856 334/493/856
f 931/803/857 932/804/857 935/805/857 934/806/857
f 932/804/858 933/807/858 936/808/858 935/805/858
f 934/806/859 935/805/859 938/809/859 937/810/859
f 935/805/860 936/808/860 939/811/860 938/809/860
f 42/582/861 260/632/861 931/803/861 399/812/861
f 260/632/862 259/631/862 932/804/862 931/803/862
f 259/631/863 258/630/863 933/807/863 932/804/863
f 258/630/864 37/522/864 359/717/864 933/807/864
f 933/807/865 359/717/865 358/717/865 936/808/865
f 936/808/866 358/717/866 357/717/866 939/811/866
f 939/811/867 357/717/867 58/718/867 402/787/867
f 938/809/868 939/811/868 402/787/868 403/786/868
f 937/810/869 938/809/869 403/786/869 404/785/869
f 401/813/870 937/810/870 404/785/870 60/771/870
f 400/814/871 934/806/871 937/810/871 401/813/871
f 399/812/872 931/803/872 934/806/872 400/814/872
f 940/815/873 941/816/873 944/817/873 943/818/873
f 941/816/874 942/819/874 945/820/874 944/817/874
f 943/818/875 944/817/875 947/769/875 946/821/875
f 944/817/876 945/820/876 948/822/876 947/769/876
f 44/586/877 299/584/877 940/815/877 396/823/877
f 299/584/878 298/568/878 941/816/878 940/815/878
f 298/568/879 297/583/879 942/819/879 941/816/879
f 297/583/880 42/582/880 399/812/880 942/819/880
f 942/819/881 399/812/881 400/814/881 945/820/881
f 945/820/882 400/814/882 401/813/882 948/822/882
f 948/822/883 401/813/883 60/771/883 405/770/883
f 947/769/884 948/822/884 405/770/884 406/769/884
f 946/821/885 947/769/885 406/769/885 407/741/885
f 398/824/886 946/821/886 407/741/886 59/758/886
f 397/825/887 943/818/887 946/821/887 398/824/887
f 396/823/888 940/815/888 943/818/888 397/825/888
f 949/826/889 950/827/889 953/828/889 952/829/889
f 950/827/890 951/830/890 954/831/890 953/828/890
f 952/829/891 953/828/891 956/832/891 955/833/891
f 953/828/892 954/831/892 957/834/892 956/832/892
f 41/605/893 296/603/893 949/826/893 390/604/893
f 296/603/894 295/602/894 950/827/894 949/826/894
f 295/602/895 294/601/895 951/830/895 950/827/895
f 294/601/896 44/586/896 396/823/896 951/830/896
f 951/830/897 396/823/897 397/825/897 954/831/897
f 954/831/898 397/825/898 398/824/898 957/834/898
f 957/834/899 398/824/899 59/758/899 408/757/899
f 956/832/900 957/834/900 408/757/900 409/756/900
f 955/833/901 956/832/901 409/756/901 410/755/901
f 392/604/902 955/833/902 410/755/902 57/605/902
f 391/604/903 952/829/903 955/833/903 392/604/903
f 390/604/904 949/826/904 952/829/904 391/604/904
f 958/488/905 959/490/905 962/490/905 961/488/905
f 959/490/906 960/491/906 963/491/906 962/490/906
f 961/488/907 962/490/907 965/490/907 964/488/907
f 962/490/908 963/491/908 966/491/908 965/490/908
f 37/487/909 302/488/909 958/488/909 359/489/909
f 302/488/910 301/490/910 959/490/910 958/488/910
f 301/490/911 300/491/911 960/491/911 959/490/911
f 300/491/912 41/492/912 390/493/912 960/491/912
f 960/491/913 390/493/913 391/493/913 963/491/913
f 963/491/914 391/493/914 392/493/914 966/491/914
f 966/491/915 392/493/915 57/492/915 411/491/915
f 965/490/916 966/491/916 411/491/916 412/490/916
f 964/488/917 965/490/917 412/490/917 413/488/917
f 357/489/918 964/488/918 413/488/918 58/487/918
f 358/489/919 961/488/919 964/488/919 357/489/919
f 359/489/920 958/488/920 961/488/920 358/489/920
f 967/835/921 968/835/921 971/835/921 970/835/921
f 968/835/922 969/835/922 972/835/922 971/835/922
f 970/835/923 971/835/923 974/835/923 973/835/923
f 971/835/924 972/835/924 975/835/924 974/835/924
f 61/835/925 417/835/925 967/835/925 416/835/925
f 417/835/926 418/835/926 968/835/926 967/835/926
f 418/835/927 419/835/927 969/835/927 968/835/927
f 419/835/928 62/835/928 420/835/928 969/835/928
f 969/835/929 420/835/929 421/835/929 972/835/929
f 972/835/930 421/835/930 422/835/930 975/835/930
f 975/835/931 422/835/931 64/835/931 423/835/931
f 974/835/932 975/835/932 423/835/932 424/835/932
f 973/835/933 974/835/933 424/835/933 425/835/933
f 414/835/934 973/835/934 425/835/934 63/835/934
f 415/835/935 970/835/935 973/835/935 414/835/935
f 416/835/936 967/835/936 970/835/936 415/835/936
f 976/835/937 977/835/937 980/835/937 979/835/937
f 977/835/938 978/835/938 981/835/938 980/835/938
f 979/835/939 980/835/939 983/835/939 982/835/939
f 980/835/940 981/835/940 984/835/940 983/835/940
f 63/835/941 425/835/941 976/835/941 428/835/941
f 425/835/942 424/835/942 977/835/942 976/835/942
f 424/835/943 423/835/943 978/835/943 977/835/943
f 423/835/944 64/835/944 429/835/944 978/835/944
f 978/835/945 429/835/945 430/835/945 981/835/945
f 981/835/946 430/835/946 431/835/946 984/835/946
f 984/835/947 431/835/947 68/835/947 432/835/947
f 983/835/948 984/835/948 432/835/948 433/835/948
f 982/835/949 983/835/949 433/835/949 434/835/949
f 426/835/950 982/835/950 434/835/950 67/835/950
f 427/835/951 979/835/951 982/835/951 426/835/951
f 428/835/952 976/835/952 979/835/952 427/835/952
f 985/835/953 986/835/953 989/835/953 988/835/953
f 986/835/954 987/835/954 990/835/954 989/835/954
f 988/835/955 989/835/955 992/835/955 991/835/955
f 989/835/956 990/835/956 993/835/956 992/835/956
f 67/835/957 434/835/957 985/835/957 437/835/957
f 434/835/958 433/835/958 986/835/958 985/835/958
f 433/835/959 432/835/959 987/835/959 986/835/959
f 432/835/960 68/835/960 438/835/960 987/835/960
f 987/835/961 438/835/961 439/835/961 990/835/961
f 990/835/962 439/835/962 440/835/962 993/835/962
f 993/835/963 440/835/963 66/835/963 441/835/963
f 992/835/964 993/835/964 441/835/964 442/835/964
f 991/835/965 992/835/965 442/835/965 443/835/965
f 435/835/966 991/835/966 443/835/966 65/835/966
f 436/835/967 988/835/967 991/835/967 435/835/967
f 437/835/968 985/835/968 988/835/968 436/835/968
f 994/835/969 995/835/969 998/835/969 997/835/969
f 995/835/970 996/835/970 999/835/970 998/835/970
f 997/835/971 998/835/971 1001/835/971 1000/835/971
f 998/835/972 999/835/972 1002/835/972 1001/835/972
f 65/835/973 443/835/973 994/835/973 446/835/973
f 443/835/974 442/835/974 995/835/974 994/835/974
f 442/835/975 441/835/975 996/835/975 995/835/975
f 441/835/976 66/835/976 447/835/976 996/835/976
f 996/835/977 447/835/977 448/835/977 999/835/977
f 999/835/978 448/835/978 449/835/978 1002/835/978
f 1002/835/979 449/835/979 62/835/979 419/835/979
f 1001/835/980 1002/835/980 419/835/980 418/835/980
f 1000/835/981 1001/835/981 418/835/981 417/835/981
f 444/835/982 1000/835/982 417/835/982 61/835/982
f 445/835/983 997/835/983 1000/835/983 444/835/983
f 446/835/984 994/835/984 997/835/984 445/835/984
f 1003/835/985 1004/835/985 1007/835/985 1006/835/985
f 1004/835/986 1005/835/986 1008/835/986 1007/835/986
f 1006/835/987 1007/835/987 1010/835/987 1009/835/987
f 1007/835/988 1008/835/988 1011/835/988 1010/835/988
f 63/835/989 428/835/989 1003/835/989 414/835/989
f 428/835/990 427/835/990 1004/835/990 1003/835/990
f 427/835/991 426/835/991 1005/835/991 1004/835/991
f 426/835/992 67/835/992 437/835/992 1005/835/992
f 1005/835/993 437/835/993 436/835/993 1008/835/993
f 1008/835/994 436/835/994 435/835/994 1011/835/994
f 1011/835/995 435/835/995 65/835/995 446/835/995
f 1010/835/996 1011/835/996 446/835/996 445/835/996
f 1009/835/997 1010/835/997 445/835/997 444/835/997
f 416/835/998 1009/835/998 444/835/998 61/835/998
f 415/835/999 1006/835/999 1009/835/999 416/835/999
f 414/835/1000 1003/835/1000 1006/835/1000 415/835/1000
f 1012/835/1001 1013/835/1001 1016/835/1001 1015/835/1001
f 1013/835/1002 1014/835/1002 1017/835/1002 1016/835/1002
f 1015/835/1003 1016/835/1003 1019/835/1003 1018/835/1003
f 1016/835/1004 1017/835/1004 1020/835/1004 1019/835/1004
f 68/835/1005 431/835/1005 1012/835/1005 438/835/1005
f 431/835/1006 430/835/1006 1013/835/1006 1012/835/1006
f 430/835/1007 429/835/1007 1014/835/1007 1013/835/1007
f 429/835/1008 64/835/1008 422/835/1008 1014/835/1008
f 1014/835/1009 422/835/1009 421/835/1009 1017/835/1009
f 1017/835/1010 421/835/1010 420/835/1010 1020/835/1010
f 1020/835/1011 420/835/1011 62/835/1011 449/835/1011
f 1019/835/1012 1020/835/1012 449/835/1012 448/835/1012
f 1018/835/1013 1019/835/1013 448/835/1013 447/835/1013
f 440/835/1014 1018/835/1014 447/835/1014 66/835/1014
f 439/835/1015 1015/835/1015 1018/835/1015 440/835/1015
f 438/835/1016 1012/835/1016 1015/835/1016 439/835/1016
